dataset,method,gamma,accuracy,runtime_s,train_size,test_size,n_classes
Adiac,sdtw_div,0.5,0.6879795396419437,50.15156531333923,390,391,37
ArrowHead,sdtw_div,0.5,0.6457142857142857,8.346496820449829,36,175,3
Adiac,sharp_sdtw_div,0.5,0.6751918158567775,63.66283965110779,390,391,37
Adiac,sdtw_div,1.0,0.6726342710997443,49.41094613075256,390,391,37
Adiac,sharp_sdtw_div,1.0,0.6726342710997443,59.84506821632385,390,391,37
Adiac,sdtw_div,3.0,0.6419437340153452,50.042497873306274,390,391,37
Adiac,sharp_sdtw_div,3.0,0.680306905370844,60.22696805000305,390,391,37
Adiac,sdtw_div,5.0,0.6317135549872123,50.19749307632446,390,391,37
Meat,sdtw_div,0.5,0.8833333333333333,5.803213357925415,60,60,3
Meat,sharp_sdtw_div,0.5,0.8833333333333333,8.372773885726929,60,60,3
Meat,sdtw_div,1.0,0.8833333333333333,5.83344292640686,60,60,3
Meat,sharp_sdtw_div,1.0,0.8833333333333333,8.03660774230957,60,60,3
Meat,sdtw_div,3.0,0.8833333333333333,5.824829339981079,60,60,3
FreezerSmallTrain,sdtw_div,0.5,0.7508771929824561,47.32478666305542,28,2850,2
Meat,sharp_sdtw_div,3.0,0.8833333333333333,7.821628570556641,60,60,3
Meat,sdtw_div,5.0,0.9,5.789071083068848,60,60,3
Meat,sharp_sdtw_div,5.0,0.8833333333333333,7.697524309158325,60,60,3
Meat,sdtw_div,7.0,0.9,5.770118474960327,60,60,3
Adiac,sharp_sdtw_div,5.0,0.6675191815856778,60.939056396484375,390,391,37
Meat,sharp_sdtw_div,7.0,0.8833333333333333,7.672538280487059,60,60,3
Meat,sdtw_div,10.0,0.9,5.772002220153809,60,60,3
Meat,sharp_sdtw_div,10.0,0.9,7.607137680053711,60,60,3
FreezerSmallTrain,sharp_sdtw_div,0.5,0.7642105263157895,57.05574822425842,28,2850,2
MedicalImages,sdtw_div,0.5,0.4368421052631579,14.159476280212402,381,760,10
MedicalImages,sharp_sdtw_div,0.5,0.4171052631578947,19.45260429382324,381,760,10
Adiac,sdtw_div,7.0,0.6214833759590793,50.265976905822754,390,391,37
MedicalImages,sdtw_div,1.0,0.4289473684210526,14.755805253982544,381,760,10
FreezerSmallTrain,sdtw_div,1.0,0.7526315789473684,40.15386295318604,28,2850,2
MedicalImages,sharp_sdtw_div,1.0,0.4,19.77651882171631,381,760,10
MedicalImages,sdtw_div,3.0,0.4013157894736842,11.745166778564451,381,760,10
Adiac,sharp_sdtw_div,7.0,0.6547314578005116,60.81383919715881,390,391,37
MedicalImages,sharp_sdtw_div,3.0,0.4263157894736842,19.889707565307617,381,760,10
FreezerSmallTrain,sharp_sdtw_div,1.0,0.7624561403508772,52.0276951789856,28,2850,2
MedicalImages,sdtw_div,5.0,0.3763157894736842,10.422810077667236,381,760,10
MedicalImages,sharp_sdtw_div,5.0,0.3947368421052631,14.907716035842896,381,760,10
MedicalImages,sdtw_div,7.0,0.3697368421052631,10.253717422485352,381,760,10
Adiac,sdtw_div,10.0,0.6010230179028133,50.3121657371521,390,391,37
FreezerSmallTrain,sdtw_div,3.0,0.7533333333333333,41.75697875022888,28,2850,2
MedicalImages,sharp_sdtw_div,7.0,0.3802631578947368,13.364625692367554,381,760,10
MedicalImages,sdtw_div,10.0,0.3644736842105263,7.7178795337677,381,760,10
MedicalImages,sharp_sdtw_div,10.0,0.3842105263157894,14.05739140510559,381,760,10
MiddlePhalanxOutlineAgeGroup,sdtw_div,0.5,0.6038961038961039,1.447216510772705,400,154,3
MiddlePhalanxOutlineAgeGroup,sharp_sdtw_div,0.5,0.6038961038961039,5.568125247955322,400,154,3
MiddlePhalanxOutlineAgeGroup,sdtw_div,1.0,0.6103896103896104,1.0787842273712158,400,154,3
MiddlePhalanxOutlineAgeGroup,sharp_sdtw_div,1.0,0.6038961038961039,1.8895275592803955,400,154,3
MiddlePhalanxOutlineAgeGroup,sdtw_div,3.0,0.6038961038961039,1.0903599262237549,400,154,3
MiddlePhalanxOutlineAgeGroup,sharp_sdtw_div,3.0,0.6038961038961039,1.4340572357177734,400,154,3
MiddlePhalanxOutlineAgeGroup,sdtw_div,5.0,0.5974025974025974,1.088308811187744,400,154,3
MiddlePhalanxOutlineAgeGroup,sharp_sdtw_div,5.0,0.6103896103896104,1.4306046962738037,400,154,3
MiddlePhalanxOutlineAgeGroup,sdtw_div,7.0,0.5974025974025974,1.0855205059051514,400,154,3
MiddlePhalanxOutlineAgeGroup,sharp_sdtw_div,7.0,0.6103896103896104,1.4269015789031982,400,154,3
MiddlePhalanxOutlineAgeGroup,sdtw_div,10.0,0.5974025974025974,1.0832862854003906,400,154,3
MiddlePhalanxOutlineAgeGroup,sharp_sdtw_div,10.0,0.5974025974025974,1.4253952503204346,400,154,3
MiddlePhalanxOutlineCorrect,sdtw_div,0.5,0.5738831615120275,3.307790517807007,600,291,2
MiddlePhalanxOutlineCorrect,sharp_sdtw_div,0.5,0.6185567010309279,10.002622842788696,600,291,2
MiddlePhalanxOutlineCorrect,sdtw_div,1.0,0.5910652920962199,2.094961643218994,600,291,2
Adiac,sharp_sdtw_div,10.0,0.6445012787723785,60.65476727485657,390,391,37
MiddlePhalanxOutlineCorrect,sharp_sdtw_div,1.0,0.6116838487972509,5.44780421257019,600,291,2
FreezerSmallTrain,sharp_sdtw_div,3.0,0.744561403508772,64.89552474021912,28,2850,2
MiddlePhalanxOutlineCorrect,sdtw_div,3.0,0.5326460481099656,1.5800483226776123,600,291,2
MiddlePhalanxOutlineCorrect,sharp_sdtw_div,3.0,0.6013745704467354,2.820620536804199,600,291,2
MiddlePhalanxOutlineCorrect,sdtw_div,5.0,0.5154639175257731,1.5781331062316897,600,291,2
MiddlePhalanxOutlineCorrect,sharp_sdtw_div,5.0,0.5773195876288659,2.088284969329834,600,291,2
MiddlePhalanxOutlineCorrect,sdtw_div,7.0,0.5051546391752577,1.5731782913208008,600,291,2
MiddlePhalanxOutlineCorrect,sharp_sdtw_div,7.0,0.5567010309278351,2.084049940109253,600,291,2
MiddlePhalanxOutlineCorrect,sdtw_div,10.0,0.4948453608247423,1.574997901916504,600,291,2
MiddlePhalanxOutlineCorrect,sharp_sdtw_div,10.0,0.5360824742268041,2.09450101852417,600,291,2
MiddlePhalanxTW,sdtw_div,0.5,0.4415584415584415,1.560624122619629,399,154,6
MiddlePhalanxTW,sharp_sdtw_div,0.5,0.448051948051948,2.3086159229278564,399,154,6
MiddlePhalanxTW,sdtw_div,1.0,0.4415584415584415,1.3550071716308594,399,154,6
ArrowHead,sharp_sdtw_div,0.5,0.7028571428571428,26.49070882797241,36,175,3
MiddlePhalanxTW,sharp_sdtw_div,1.0,0.4415584415584415,1.9667155742645264,399,154,6
MiddlePhalanxTW,sdtw_div,3.0,0.4285714285714285,1.3101768493652344,399,154,6
MiddlePhalanxTW,sharp_sdtw_div,3.0,0.4285714285714285,1.7147221565246582,399,154,6
ArrowHead,sdtw_div,1.0,0.6,4.833265542984009,36,175,3
MiddlePhalanxTW,sdtw_div,5.0,0.4285714285714285,1.3077211380004885,399,154,6
MiddlePhalanxTW,sharp_sdtw_div,5.0,0.4415584415584415,1.675206184387207,399,154,6
MiddlePhalanxTW,sdtw_div,7.0,0.422077922077922,1.3041234016418457,399,154,6
MiddlePhalanxTW,sharp_sdtw_div,7.0,0.4415584415584415,1.670910120010376,399,154,6
MiddlePhalanxTW,sdtw_div,10.0,0.4285714285714285,1.3008346557617188,399,154,6
MiddlePhalanxTW,sharp_sdtw_div,10.0,0.4285714285714285,1.6683776378631592,399,154,6
MoteStrain,sdtw_div,0.5,0.9009584664536742,1.621535062789917,20,1252,2
MoteStrain,sharp_sdtw_div,0.5,0.8634185303514377,1.79506254196167,20,1252,2
FreezerSmallTrain,sdtw_div,5.0,0.755438596491228,37.87657761573792,28,2850,2
MoteStrain,sdtw_div,1.0,0.9017571884984026,1.5953998565673828,20,1252,2
MoteStrain,sharp_sdtw_div,1.0,0.8889776357827476,1.9002232551574707,20,1252,2
MoteStrain,sdtw_div,3.0,0.889776357827476,1.5412111282348633,20,1252,2
ArrowHead,sharp_sdtw_div,1.0,0.6114285714285714,17.606279134750366,36,175,3
MoteStrain,sharp_sdtw_div,3.0,0.9033546325878594,1.9062919616699217,20,1252,2
MoteStrain,sdtw_div,5.0,0.8929712460063898,1.5754048824310305,20,1252,2
ArrowHead,sdtw_div,3.0,0.5771428571428572,4.613040208816528,36,175,3
MoteStrain,sharp_sdtw_div,5.0,0.8993610223642172,1.9000921249389648,20,1252,2
MoteStrain,sdtw_div,7.0,0.8865814696485623,1.5911664962768557,20,1252,2
MoteStrain,sharp_sdtw_div,7.0,0.9041533546325878,1.8466854095458984,20,1252,2
MoteStrain,sdtw_div,10.0,0.8817891373801917,1.53552508354187,20,1252,2
ArrowHead,sharp_sdtw_div,3.0,0.5714285714285714,7.065769910812378,36,175,3
MoteStrain,sharp_sdtw_div,10.0,0.9033546325878594,1.829267263412476,20,1252,2
ArrowHead,sdtw_div,5.0,0.5828571428571429,4.607749700546265,36,175,3
OliveOil,sdtw_div,0.5,0.8666666666666667,5.993717193603516,30,30,4
ArrowHead,sharp_sdtw_div,5.0,0.5371428571428571,6.479444265365601,36,175,3
OliveOil,sharp_sdtw_div,0.5,0.8666666666666667,8.333824157714844,30,30,4
ArrowHead,sdtw_div,7.0,0.5771428571428572,4.540648698806763,36,175,3
OliveOil,sdtw_div,1.0,0.8666666666666667,6.233262538909912,30,30,4
ArrowHead,sharp_sdtw_div,7.0,0.5542857142857143,6.383161544799805,36,175,3
ArrowHead,sdtw_div,10.0,0.5771428571428572,4.43743371963501,36,175,3
OliveOil,sharp_sdtw_div,1.0,0.8666666666666667,9.08345651626587,30,30,4
ArrowHead,sharp_sdtw_div,10.0,0.5828571428571429,6.069909334182739,36,175,3
FreezerSmallTrain,sharp_sdtw_div,5.0,0.7463157894736843,51.24102568626404,28,2850,2
OliveOil,sdtw_div,3.0,0.8666666666666667,5.844496965408325,30,30,4
OliveOil,sharp_sdtw_div,3.0,0.8666666666666667,8.027331113815308,30,30,4
Beef,sdtw_div,0.5,0.4666666666666667,13.261110544204712,30,30,5
OliveOil,sdtw_div,5.0,0.8666666666666667,4.979950428009033,30,30,4
OliveOil,sharp_sdtw_div,5.0,0.8666666666666667,8.003399133682251,30,30,4
OliveOil,sdtw_div,7.0,0.8666666666666667,4.987000465393066,30,30,4
OliveOil,sharp_sdtw_div,7.0,0.8666666666666667,7.951723098754883,30,30,4
FreezerSmallTrain,sdtw_div,7.0,0.7585964912280702,37.49342918395996,28,2850,2
OliveOil,sdtw_div,10.0,0.8666666666666667,4.981687784194946,30,30,4
OliveOil,sharp_sdtw_div,10.0,0.8666666666666667,6.6494200229644775,30,30,4
FreezerSmallTrain,sharp_sdtw_div,7.0,0.7501754385964913,49.66752219200134,28,2850,2
Beef,sharp_sdtw_div,0.5,0.6,77.50669431686401,30,30,5
Beef,sdtw_div,1.0,0.5,13.240142345428469,30,30,5
FreezerSmallTrain,sdtw_div,10.0,0.76,37.41822838783264,28,2850,2
Beef,sharp_sdtw_div,1.0,0.4666666666666667,62.94270896911621,30,30,5
FreezerSmallTrain,sharp_sdtw_div,10.0,0.7529824561403509,43.73267889022827,28,2850,2
GunPointAgeSpan,sdtw_div,0.5,0.6360759493670886,3.907611608505249,135,316,2
Beef,sdtw_div,3.0,0.5333333333333333,11.843541622161863,30,30,5
GunPointAgeSpan,sharp_sdtw_div,0.5,0.6360759493670886,5.507266044616699,135,316,2
OSULeaf,sdtw_div,0.5,0.5247933884297521,132.73324394226074,200,242,6
GunPointAgeSpan,sdtw_div,1.0,0.6392405063291139,3.848235607147217,135,316,2
GunPointAgeSpan,sharp_sdtw_div,1.0,0.6360759493670886,5.450282096862793,135,316,2
GunPointAgeSpan,sdtw_div,3.0,0.6329113924050633,3.950892686843872,135,316,2
GunPointAgeSpan,sharp_sdtw_div,3.0,0.6360759493670886,5.603086471557617,135,316,2
GunPointAgeSpan,sdtw_div,5.0,0.6392405063291139,4.088122129440308,135,316,2
GunPointAgeSpan,sharp_sdtw_div,5.0,0.6360759493670886,5.623668670654297,135,316,2
Beef,sharp_sdtw_div,3.0,0.5,32.13826560974121,30,30,5
GunPointAgeSpan,sdtw_div,7.0,0.6360759493670886,4.561863899230957,135,316,2
GunPointAgeSpan,sharp_sdtw_div,7.0,0.6360759493670886,5.66796088218689,135,316,2
Beef,sdtw_div,5.0,0.5333333333333333,8.735710144042969,30,30,5
GunPointAgeSpan,sdtw_div,10.0,0.6360759493670886,4.7112438678741455,135,316,2
GunPointAgeSpan,sharp_sdtw_div,10.0,0.6455696202531646,5.75156044960022,135,316,2
GunPointMaleVersusFemale,sdtw_div,0.5,0.7373417721518988,4.697863817214966,135,316,2
GunPointMaleVersusFemale,sharp_sdtw_div,0.5,0.7373417721518988,7.139149188995361,135,316,2
GunPointMaleVersusFemale,sdtw_div,1.0,0.7373417721518988,4.755922317504883,135,316,2
Beef,sharp_sdtw_div,5.0,0.5,33.047685623168945,30,30,5
GunPointMaleVersusFemale,sharp_sdtw_div,1.0,0.7373417721518988,6.663951635360718,135,316,2
GunPointMaleVersusFemale,sdtw_div,3.0,0.7373417721518988,5.052520513534546,135,316,2
Beef,sdtw_div,7.0,0.5333333333333333,8.405165910720825,30,30,5
GunPointMaleVersusFemale,sharp_sdtw_div,3.0,0.7373417721518988,8.148942232131958,135,316,2
GunPointMaleVersusFemale,sdtw_div,5.0,0.7373417721518988,5.504174470901489,135,316,2
GunPointMaleVersusFemale,sharp_sdtw_div,5.0,0.7373417721518988,7.747622728347778,135,316,2
Beef,sharp_sdtw_div,7.0,0.5333333333333333,22.620944261550903,30,30,5
GunPointMaleVersusFemale,sdtw_div,7.0,0.7373417721518988,4.610973358154297,135,316,2
Beef,sdtw_div,10.0,0.5333333333333333,7.797072410583496,30,30,5
GunPointMaleVersusFemale,sharp_sdtw_div,7.0,0.7373417721518988,8.601885795593262,135,316,2
GunPointMaleVersusFemale,sdtw_div,10.0,0.7373417721518988,4.716237306594849,135,316,2
GunPointMaleVersusFemale,sharp_sdtw_div,10.0,0.7373417721518988,7.0487940311431885,135,316,2
GunPointOldVersusYoung,sdtw_div,0.5,1.0,5.28143310546875,136,315,2
Beef,sharp_sdtw_div,10.0,0.5333333333333333,22.84587812423706,30,30,5
GunPointOldVersusYoung,sharp_sdtw_div,0.5,1.0,8.715909242630005,136,315,2
GunPointOldVersusYoung,sdtw_div,1.0,1.0,4.9169251918792725,136,315,2
GunPointOldVersusYoung,sharp_sdtw_div,1.0,1.0,7.951002836227417,136,315,2
GunPointOldVersusYoung,sdtw_div,3.0,1.0,5.276701927185059,136,315,2
BeetleFly,sdtw_div,0.5,0.7,25.44590759277344,20,20,2
GunPointOldVersusYoung,sharp_sdtw_div,3.0,1.0,7.397966861724853,136,315,2
GunPointOldVersusYoung,sdtw_div,5.0,1.0,5.134695529937744,136,315,2
GunPointOldVersusYoung,sharp_sdtw_div,5.0,1.0,7.81615948677063,136,315,2
GunPointOldVersusYoung,sdtw_div,7.0,1.0,4.704838275909424,136,315,2
GunPointOldVersusYoung,sharp_sdtw_div,7.0,1.0,7.864091873168945,136,315,2
GunPointOldVersusYoung,sdtw_div,10.0,1.0,6.09618091583252,136,315,2
GunPointOldVersusYoung,sharp_sdtw_div,10.0,1.0,7.746218919754028,136,315,2
BeetleFly,sharp_sdtw_div,0.5,0.75,57.282527446746826,20,20,2
InsectEPGRegularTrain,sdtw_div,0.5,1.0,26.02842664718628,62,249,3
BeetleFly,sdtw_div,1.0,0.75,24.309526681900024,20,20,2
InsectEPGRegularTrain,sharp_sdtw_div,0.5,1.0,32.668516874313354,62,249,3
OSULeaf,sharp_sdtw_div,0.5,0.4669421487603306,263.17715191841125,200,242,6
InsectEPGRegularTrain,sdtw_div,1.0,1.0,25.56764340400696,62,249,3
BeetleFly,sharp_sdtw_div,1.0,0.75,54.76453375816345,20,20,2
BeetleFly,sdtw_div,3.0,0.8,12.71488332748413,20,20,2
InsectEPGRegularTrain,sharp_sdtw_div,1.0,1.0,31.92962217330933,62,249,3
InsectEPGRegularTrain,sdtw_div,3.0,1.0,26.053035974502563,62,249,3
BeetleFly,sharp_sdtw_div,3.0,0.65,64.99994969367981,20,20,2
InsectEPGRegularTrain,sharp_sdtw_div,3.0,1.0,32.89592695236206,62,249,3
BeetleFly,sdtw_div,5.0,0.75,9.361579179763794,20,20,2
OSULeaf,sdtw_div,1.0,0.5041322314049587,138.8244986534119,200,242,6
InsectEPGRegularTrain,sdtw_div,5.0,1.0,25.879390239715576,62,249,3
BeetleFly,sharp_sdtw_div,5.0,0.8,47.8949875831604,20,20,2
InsectEPGRegularTrain,sharp_sdtw_div,5.0,1.0,33.4059841632843,62,249,3
BeetleFly,sdtw_div,7.0,0.8,8.456286907196045,20,20,2
BeetleFly,sharp_sdtw_div,7.0,0.8,18.77817916870117,20,20,2
InsectEPGRegularTrain,sdtw_div,7.0,1.0,26.106236934661865,62,249,3
BeetleFly,sdtw_div,10.0,0.85,10.053833961486816,20,20,2
BeetleFly,sharp_sdtw_div,10.0,0.8,17.391645908355713,20,20,2
InsectEPGRegularTrain,sharp_sdtw_div,7.0,1.0,33.21489071846008,62,249,3
BirdChicken,sdtw_div,0.5,0.6,20.05026626586914,20,20,2
InsectEPGRegularTrain,sdtw_div,10.0,1.0,26.093313694000244,62,249,3
ECG200,sdtw_div,0.5,0.73,2.967411994934082,100,100,2
ECG200,sharp_sdtw_div,0.5,0.7,4.418924570083618,100,100,2
ECG200,sdtw_div,1.0,0.73,1.944998264312744,100,100,2
ECG200,sharp_sdtw_div,1.0,0.73,5.821876287460327,100,100,2
ECG200,sdtw_div,3.0,0.7,1.8195488452911377,100,100,2
ECG200,sharp_sdtw_div,3.0,0.73,3.415205717086792,100,100,2
ECG200,sdtw_div,5.0,0.72,0.9803347587585448,100,100,2
InsectEPGRegularTrain,sharp_sdtw_div,10.0,1.0,33.31786394119263,62,249,3
ECG200,sharp_sdtw_div,5.0,0.72,3.6956887245178223,100,100,2
ECG200,sdtw_div,7.0,0.72,0.9038450717926024,100,100,2
ECG200,sharp_sdtw_div,7.0,0.71,2.48719334602356,100,100,2
ECG200,sdtw_div,10.0,0.72,0.8716795444488525,100,100,2
ECG200,sharp_sdtw_div,10.0,0.69,1.4376707077026367,100,100,2
BirdChicken,sharp_sdtw_div,0.5,0.8,70.71428227424622,20,20,2
InsectEPGSmallTrain,sdtw_div,0.5,1.0,21.22110843658448,17,249,3
BirdChicken,sdtw_div,1.0,0.6,24.129663944244385,20,20,2
InsectEPGSmallTrain,sharp_sdtw_div,0.5,1.0,25.552743673324585,17,249,3
InsectEPGSmallTrain,sdtw_div,1.0,1.0,20.70864701271057,17,249,3
OSULeaf,sharp_sdtw_div,1.0,0.4586776859504132,227.72889041900635,200,242,6
ECG5000,sdtw_div,0.5,0.866,76.71778440475464,500,4500,5
InsectEPGSmallTrain,sharp_sdtw_div,1.0,1.0,24.52901077270508,17,249,3
InsectEPGSmallTrain,sdtw_div,3.0,1.0,21.146215200424194,17,249,3
BirdChicken,sharp_sdtw_div,1.0,0.6,82.08700513839722,20,20,2
BirdChicken,sdtw_div,3.0,0.55,6.912604093551636,20,20,2
InsectEPGSmallTrain,sharp_sdtw_div,3.0,1.0,24.902709484100345,17,249,3
InsectEPGSmallTrain,sdtw_div,5.0,1.0,21.160684823989868,17,249,3
BirdChicken,sharp_sdtw_div,3.0,0.7,32.60819339752197,20,20,2
BirdChicken,sdtw_div,5.0,0.5,6.549023151397705,20,20,2
InsectEPGSmallTrain,sharp_sdtw_div,5.0,1.0,24.95269203186035,17,249,3
ECG5000,sharp_sdtw_div,0.5,0.8404444444444444,100.6910171508789,500,4500,5
OSULeaf,sdtw_div,3.0,0.512396694214876,126.10466146469116,200,242,6
InsectEPGSmallTrain,sdtw_div,7.0,1.0,20.91819977760315,17,249,3
BirdChicken,sharp_sdtw_div,5.0,0.7,34.97435641288757,20,20,2
BirdChicken,sdtw_div,7.0,0.5,5.558032989501953,20,20,2
BirdChicken,sharp_sdtw_div,7.0,0.65,13.129287242889404,20,20,2
InsectEPGSmallTrain,sharp_sdtw_div,7.0,1.0,25.08617687225341,17,249,3
BirdChicken,sdtw_div,10.0,0.5,4.9702746868133545,20,20,2
BirdChicken,sharp_sdtw_div,10.0,0.55,12.440606594085692,20,20,2
InsectEPGSmallTrain,sdtw_div,10.0,1.0,20.99076557159424,17,249,3
ECG5000,sdtw_div,1.0,0.8597777777777778,77.0726866722107,500,4500,5
InsectEPGSmallTrain,sharp_sdtw_div,10.0,1.0,24.98120713233948,17,249,3
Car,sdtw_div,0.5,0.7166666666666667,39.32403993606568,60,60,4
PickupGestureWiimoteZ,sdtw_div,0.5,0.8,14.416097640991213,50,50,10
PickupGestureWiimoteZ,sharp_sdtw_div,0.5,0.88,33.51447248458862,50,50,10
PickupGestureWiimoteZ,sdtw_div,1.0,0.76,10.61839723587036,50,50,10
PickupGestureWiimoteZ,sharp_sdtw_div,1.0,0.82,20.225802421569824,50,50,10
PickupGestureWiimoteZ,sdtw_div,3.0,0.66,8.434176921844482,50,50,10
OSULeaf,sharp_sdtw_div,3.0,0.5082644628099173,173.91480326652527,200,242,6
PickupGestureWiimoteZ,sharp_sdtw_div,3.0,0.76,13.322910070419312,50,50,10
ECG5000,sharp_sdtw_div,1.0,0.8484444444444444,122.02346181869508,500,4500,5
PickupGestureWiimoteZ,sdtw_div,5.0,0.64,7.911191701889038,50,50,10
PickupGestureWiimoteZ,sharp_sdtw_div,5.0,0.68,11.656628131866457,50,50,10
PickupGestureWiimoteZ,sdtw_div,7.0,0.62,7.338616371154785,50,50,10
PickupGestureWiimoteZ,sharp_sdtw_div,7.0,0.66,10.603207349777222,50,50,10
PickupGestureWiimoteZ,sdtw_div,10.0,0.62,7.241284370422363,50,50,10
PickupGestureWiimoteZ,sharp_sdtw_div,10.0,0.68,9.97735333442688,50,50,10
PowerCons,sdtw_div,0.5,0.8888888888888888,9.238675355911257,180,180,2
ECG5000,sdtw_div,3.0,0.8617777777777778,56.56887149810791,500,4500,5
Car,sharp_sdtw_div,0.5,0.6666666666666666,160.7286353111267,60,60,4
OSULeaf,sdtw_div,5.0,0.5041322314049587,72.95579886436462,200,242,6
PowerCons,sharp_sdtw_div,0.5,0.8166666666666667,11.645962238311768,180,180,2
PowerCons,sdtw_div,1.0,0.8944444444444445,9.171369552612305,180,180,2
Car,sdtw_div,1.0,0.7333333333333333,25.28190779685974,60,60,4
PowerCons,sharp_sdtw_div,1.0,0.8222222222222222,12.169458150863647,180,180,2
PowerCons,sdtw_div,3.0,0.9388888888888888,10.376359939575195,180,180,2
PowerCons,sharp_sdtw_div,3.0,0.8944444444444445,14.4470853805542,180,180,2
PowerCons,sdtw_div,5.0,0.95,10.329437732696531,180,180,2
PowerCons,sharp_sdtw_div,5.0,0.9166666666666666,14.002140045166016,180,180,2
PowerCons,sdtw_div,7.0,0.9555555555555556,10.443784952163696,180,180,2
PowerCons,sharp_sdtw_div,7.0,0.9111111111111112,13.984833717346191,180,180,2
PowerCons,sdtw_div,10.0,0.9555555555555556,8.799626350402832,180,180,2
ECG5000,sharp_sdtw_div,3.0,0.8624444444444445,122.90874481201172,500,4500,5
PowerCons,sharp_sdtw_div,10.0,0.9166666666666666,14.79149079322815,180,180,2
Car,sharp_sdtw_div,1.0,0.7,110.58481860160828,60,60,4
ShakeGestureWiimoteZ,sdtw_div,0.5,0.92,21.76855230331421,50,50,10
Car,sdtw_div,3.0,0.75,20.000710010528564,60,60,4
ECG5000,sdtw_div,5.0,0.8653333333333333,53.19261956214905,500,4500,5
ShakeGestureWiimoteZ,sharp_sdtw_div,0.5,0.88,37.86411690711975,50,50,10
Car,sharp_sdtw_div,3.0,0.7333333333333333,34.53633165359497,60,60,4
ShakeGestureWiimoteZ,sdtw_div,1.0,0.9,20.188745975494385,50,50,10
Car,sdtw_div,5.0,0.7666666666666667,19.68616414070129,60,60,4
OSULeaf,sharp_sdtw_div,5.0,0.5495867768595041,216.03282570838928,200,242,6
Car,sharp_sdtw_div,5.0,0.7333333333333333,30.803932189941406,60,60,4
ShakeGestureWiimoteZ,sharp_sdtw_div,1.0,0.9,34.83553338050842,50,50,10
ECG5000,sharp_sdtw_div,5.0,0.8337777777777777,75.33100199699402,500,4500,5
Car,sdtw_div,7.0,0.7666666666666667,19.352582931518555,60,60,4
ShakeGestureWiimoteZ,sdtw_div,3.0,0.86,18.6194851398468,50,50,10
OSULeaf,sdtw_div,7.0,0.4752066115702479,55.95002198219299,200,242,6
ShakeGestureWiimoteZ,sharp_sdtw_div,3.0,0.9,27.48687243461609,50,50,10
Car,sharp_sdtw_div,7.0,0.7333333333333333,30.71594548225403,60,60,4
ECG5000,sdtw_div,7.0,0.868,53.2064573764801,500,4500,5
ShakeGestureWiimoteZ,sdtw_div,5.0,0.82,16.372267961502075,50,50,10
Car,sdtw_div,10.0,0.7333333333333333,19.108248710632324,60,60,4
ShakeGestureWiimoteZ,sharp_sdtw_div,5.0,0.86,28.05473208427429,50,50,10
Car,sharp_sdtw_div,10.0,0.75,30.63238859176636,60,60,4
CBF,sdtw_div,0.5,0.9544444444444444,6.023606777191162,30,900,3
ShakeGestureWiimoteZ,sdtw_div,7.0,0.78,15.865922212600708,50,50,10
CBF,sharp_sdtw_div,0.5,0.9622222222222222,8.295562267303467,30,900,3
CBF,sdtw_div,1.0,0.9488888888888888,6.165415048599243,30,900,3
CBF,sharp_sdtw_div,1.0,0.9555555555555556,7.774792671203613,30,900,3
ECG5000,sharp_sdtw_div,7.0,0.8435555555555555,70.85953497886658,500,4500,5
CBF,sdtw_div,3.0,0.9033333333333332,5.981192350387573,30,900,3
ShakeGestureWiimoteZ,sharp_sdtw_div,7.0,0.84,26.32128548622132,50,50,10
CBF,sharp_sdtw_div,3.0,0.96,8.392529964447021,30,900,3
ShakeGestureWiimoteZ,sdtw_div,10.0,0.78,13.366941928863524,50,50,10
CBF,sdtw_div,5.0,0.8877777777777778,5.898453235626221,30,900,3
CBF,sharp_sdtw_div,5.0,0.9277777777777778,7.681314945220947,30,900,3
CBF,sdtw_div,7.0,0.8755555555555555,5.777866363525391,30,900,3
CBF,sharp_sdtw_div,7.0,0.92,7.547249317169189,30,900,3
ShakeGestureWiimoteZ,sharp_sdtw_div,10.0,0.84,25.21903705596924,50,50,10
SmoothSubspace,sdtw_div,0.5,0.84,0.121044635772705,150,150,3
SmoothSubspace,sharp_sdtw_div,0.5,0.8933333333333333,0.1747639179229736,150,150,3
SmoothSubspace,sdtw_div,1.0,0.8333333333333334,0.0974390506744384,150,150,3
SmoothSubspace,sharp_sdtw_div,1.0,0.84,0.1437058448791504,150,150,3
SmoothSubspace,sdtw_div,3.0,0.84,0.0336785316467285,150,150,3
SmoothSubspace,sharp_sdtw_div,3.0,0.84,0.0878400802612304,150,150,3
SmoothSubspace,sdtw_div,5.0,0.84,0.0338048934936523,150,150,3
SmoothSubspace,sharp_sdtw_div,5.0,0.84,0.0459864139556884,150,150,3
SmoothSubspace,sdtw_div,7.0,0.84,0.0336863994598388,150,150,3
SmoothSubspace,sharp_sdtw_div,7.0,0.84,0.0431091785430908,150,150,3
SmoothSubspace,sdtw_div,10.0,0.84,0.0338082313537597,150,150,3
SmoothSubspace,sharp_sdtw_div,10.0,0.84,0.04305100440979,150,150,3
CBF,sdtw_div,10.0,0.8588888888888889,5.721809387207031,30,900,3
UMD,sdtw_div,0.5,0.6458333333333334,2.5689916610717773,36,144,3
CBF,sharp_sdtw_div,10.0,0.8977777777777778,7.522662162780762,30,900,3
UMD,sharp_sdtw_div,0.5,0.6319444444444444,5.984745740890503,36,144,3
ECG5000,sdtw_div,10.0,0.866,51.81717109680176,500,4500,5
UMD,sdtw_div,1.0,0.625,2.181147336959839,36,144,3
UMD,sharp_sdtw_div,1.0,0.5763888888888888,3.267895698547364,36,144,3
UMD,sdtw_div,3.0,0.625,1.926819086074829,36,144,3
UMD,sharp_sdtw_div,3.0,0.5902777777777778,3.0671777725219727,36,144,3
UMD,sdtw_div,5.0,0.5763888888888888,1.1115882396697998,36,144,3
UMD,sharp_sdtw_div,5.0,0.5694444444444444,1.866172790527344,36,144,3
UMD,sdtw_div,7.0,0.5416666666666666,1.068267822265625,36,144,3
UMD,sharp_sdtw_div,7.0,0.6180555555555556,1.759695291519165,36,144,3
UMD,sdtw_div,10.0,0.5347222222222222,0.9402542114257812,36,144,3
UMD,sharp_sdtw_div,10.0,0.625,1.3996236324310305,36,144,3
Fungi,sdtw_div,0.5,0.8279569892473119,8.892197132110596,18,186,18
Fungi,sharp_sdtw_div,0.5,0.8010752688172043,10.183279037475586,18,186,18
Fungi,sdtw_div,1.0,0.8494623655913979,8.843111276626587,18,186,18
OSULeaf,sharp_sdtw_div,7.0,0.5495867768595041,204.6665871143341,200,242,6
Fungi,sharp_sdtw_div,1.0,0.8064516129032258,10.092164754867554,18,186,18
ChlorineConcentration,sdtw_div,0.5,0.3192708333333333,58.41643953323364,467,3840,3
Fungi,sdtw_div,3.0,0.9032258064516128,9.273099422454834,18,186,18
ECG5000,sharp_sdtw_div,10.0,0.8608888888888889,67.7857141494751,500,4500,5
ECGFiveDays,sdtw_div,0.5,0.7409988385598142,4.754597425460815,23,861,2
Fungi,sharp_sdtw_div,3.0,0.8387096774193549,10.510485172271729,18,186,18
ECGFiveDays,sharp_sdtw_div,0.5,0.7363530778164924,5.922696828842163,23,861,2
ECGFiveDays,sdtw_div,1.0,0.7363530778164924,4.361481189727783,23,861,2
Fungi,sdtw_div,5.0,0.9301075268817204,9.380569696426392,18,186,18
ECGFiveDays,sharp_sdtw_div,1.0,0.7886178861788617,6.066258907318115,23,861,2
ECGFiveDays,sdtw_div,3.0,0.775842044134727,3.8879475593566895,23,861,2
Fungi,sharp_sdtw_div,5.0,0.8494623655913979,10.627113580703735,18,186,18
ECGFiveDays,sharp_sdtw_div,3.0,0.6980255516840883,5.136774063110352,23,861,2
ECGFiveDays,sdtw_div,5.0,0.8037166085946573,3.8931167125701904,23,861,2
Fungi,sdtw_div,7.0,0.935483870967742,9.442999362945557,18,186,18
OSULeaf,sdtw_div,10.0,0.4256198347107438,50.46789836883545,200,242,6
ECGFiveDays,sharp_sdtw_div,5.0,0.7131242740998839,4.973141193389893,23,861,2
ECGFiveDays,sdtw_div,7.0,0.8130081300813008,3.998866558074951,23,861,2
Fungi,sharp_sdtw_div,7.0,0.8548387096774194,10.692206621170044,18,186,18
ECGFiveDays,sharp_sdtw_div,7.0,0.7468060394889663,5.445078611373901,23,861,2
ECGFiveDays,sdtw_div,10.0,0.8199767711962834,4.066636085510254,23,861,2
Fungi,sdtw_div,10.0,0.9516129032258064,9.504202127456663,18,186,18
ECGFiveDays,sharp_sdtw_div,10.0,0.778164924506388,5.067648887634277,23,861,2
Fungi,sharp_sdtw_div,10.0,0.8548387096774194,10.736353874206545,18,186,18
DodgerLoopDay,sdtw_div,0.5,0.4545454545454545,10.69611382484436,67,77,7
ChlorineConcentration,sharp_sdtw_div,0.5,0.3127604166666666,90.42489719390868,467,3840,3
DodgerLoopDay,sharp_sdtw_div,0.5,0.4675324675324675,14.484179496765137,67,77,7
DodgerLoopDay,sdtw_div,1.0,0.4935064935064935,10.159010648727415,67,77,7
DodgerLoopDay,sharp_sdtw_div,1.0,0.4935064935064935,14.753892421722412,67,77,7
OSULeaf,sharp_sdtw_div,10.0,0.5041322314049587,91.34341311454772,200,242,6
DodgerLoopDay,sdtw_div,3.0,0.4675324675324675,12.76710557937622,67,77,7
ChlorineConcentration,sdtw_div,1.0,0.3177083333333333,52.11207365989685,467,3840,3
FaceAll,sdtw_div,0.5,0.8994082840236687,75.29914474487305,560,1690,14
PhalangesOutlinesCorrect,sdtw_div,0.5,0.62004662004662,15.604844331741331,1800,858,2
DodgerLoopDay,sharp_sdtw_div,3.0,0.4805194805194805,17.031277179718018,67,77,7
DodgerLoopDay,sdtw_div,5.0,0.4545454545454545,13.335498809814451,67,77,7
DodgerLoopDay,sharp_sdtw_div,5.0,0.3766233766233766,18.55370736122132,67,77,7
DodgerLoopDay,sdtw_div,7.0,0.4805194805194805,13.936477184295654,67,77,7
PhalangesOutlinesCorrect,sharp_sdtw_div,0.5,0.5093240093240093,51.47239351272583,1800,858,2
PhalangesOutlinesCorrect,sdtw_div,1.0,0.62004662004662,6.612873792648315,1800,858,2
DodgerLoopDay,sharp_sdtw_div,7.0,0.4025974025974026,18.144566535949707,67,77,7
ChlorineConcentration,sharp_sdtw_div,1.0,0.32109375,81.49457740783691,467,3840,3
PhalangesOutlinesCorrect,sharp_sdtw_div,1.0,0.6095571095571095,20.391123056411743,1800,858,2
DodgerLoopDay,sdtw_div,10.0,0.4545454545454545,13.221887826919556,67,77,7
PhalangesOutlinesCorrect,sdtw_div,3.0,0.6212121212121212,4.731154441833496,1800,858,2
FaceAll,sharp_sdtw_div,0.5,0.8633136094674556,98.22125506401062,560,1690,14
PhalangesOutlinesCorrect,sharp_sdtw_div,3.0,0.6142191142191142,8.489623069763184,1800,858,2
PhalangesOutlinesCorrect,sdtw_div,5.0,0.6235431235431236,4.720690488815308,1800,858,2
DodgerLoopDay,sharp_sdtw_div,10.0,0.4025974025974026,20.444759368896484,67,77,7
PhalangesOutlinesCorrect,sharp_sdtw_div,5.0,0.6118881118881119,7.114246129989624,1800,858,2
DodgerLoopWeekend,sdtw_div,0.5,0.9682539682539684,3.4223673343658447,18,126,2
PhalangesOutlinesCorrect,sdtw_div,7.0,0.6223776223776224,4.702685356140137,1800,858,2
DodgerLoopWeekend,sharp_sdtw_div,0.5,0.9682539682539684,4.1930251121521,18,126,2
DodgerLoopWeekend,sdtw_div,1.0,0.9682539682539684,3.2503528594970703,18,126,2
PhalangesOutlinesCorrect,sharp_sdtw_div,7.0,0.6235431235431236,6.233611106872559,1800,858,2
DodgerLoopWeekend,sharp_sdtw_div,1.0,0.9682539682539684,4.322367668151856,18,126,2
PhalangesOutlinesCorrect,sdtw_div,10.0,0.6282051282051282,4.69534158706665,1800,858,2
DodgerLoopWeekend,sdtw_div,3.0,0.9603174603174603,3.789161920547485,18,126,2
PhalangesOutlinesCorrect,sharp_sdtw_div,10.0,0.6247086247086248,6.218451499938965,1800,858,2
DodgerLoopWeekend,sharp_sdtw_div,3.0,0.9682539682539684,5.619742155075073,18,126,2
Plane,sdtw_div,0.5,1.0,2.653716325759888,105,105,7
DodgerLoopWeekend,sdtw_div,5.0,0.9603174603174603,3.729091882705689,18,126,2
ChlorineConcentration,sdtw_div,3.0,0.3278645833333333,61.90717148780823,467,3840,3
Plane,sharp_sdtw_div,0.5,1.0,4.276342153549194,105,105,7
DodgerLoopWeekend,sharp_sdtw_div,5.0,0.9603174603174603,5.219518661499023,18,126,2
Plane,sdtw_div,1.0,1.0,2.538360834121704,105,105,7
Plane,sharp_sdtw_div,1.0,1.0,3.45510196685791,105,105,7
DodgerLoopWeekend,sdtw_div,7.0,0.9603174603174603,4.4692113399505615,18,126,2
Plane,sdtw_div,3.0,0.9904761904761904,2.5687355995178223,105,105,7
DodgerLoopWeekend,sharp_sdtw_div,7.0,0.9603174603174603,5.533066272735596,18,126,2
Plane,sharp_sdtw_div,3.0,1.0,3.2719125747680664,105,105,7
Plane,sdtw_div,5.0,0.9904761904761904,2.419694900512696,105,105,7
DodgerLoopWeekend,sdtw_div,10.0,0.9682539682539684,4.20819354057312,18,126,2
Plane,sharp_sdtw_div,5.0,1.0,3.224390983581543,105,105,7
Plane,sdtw_div,7.0,0.9904761904761904,2.38584041595459,105,105,7
DodgerLoopWeekend,sharp_sdtw_div,10.0,0.9603174603174603,6.341317653656006,18,126,2
Plane,sharp_sdtw_div,7.0,1.0,3.022282600402832,105,105,7
FaceAll,sdtw_div,1.0,0.8869822485207101,70.30958914756775,560,1690,14
Plane,sdtw_div,10.0,0.9809523809523808,2.2264726161956787,105,105,7
DodgerLoopGame,sdtw_div,0.5,0.8188976377952756,3.580971002578736,17,127,2
Plane,sharp_sdtw_div,10.0,0.9904761904761904,2.9621567726135254,105,105,7
ProximalPhalanxOutlineAgeGroup,sdtw_div,0.5,0.8390243902439024,1.1745390892028809,400,205,3
DodgerLoopGame,sharp_sdtw_div,0.5,0.8267716535433071,4.76575493812561,17,127,2
ProximalPhalanxOutlineAgeGroup,sharp_sdtw_div,0.5,0.8390243902439024,2.4332809448242188,400,205,3
ProximalPhalanxOutlineAgeGroup,sdtw_div,1.0,0.8439024390243902,1.1533429622650146,400,205,3
DodgerLoopGame,sdtw_div,1.0,0.8110236220472441,3.5465877056121826,17,127,2
ProximalPhalanxOutlineAgeGroup,sharp_sdtw_div,1.0,0.8390243902439024,1.7848973274230957,400,205,3
ProximalPhalanxOutlineAgeGroup,sdtw_div,3.0,0.8341463414634146,1.1647756099700928,400,205,3
ProximalPhalanxOutlineAgeGroup,sharp_sdtw_div,3.0,0.8439024390243902,1.520228624343872,400,205,3
ProximalPhalanxOutlineAgeGroup,sdtw_div,5.0,0.824390243902439,1.163217306137085,400,205,3
DodgerLoopGame,sharp_sdtw_div,1.0,0.8346456692913385,4.393835783004761,17,127,2
ProximalPhalanxOutlineAgeGroup,sharp_sdtw_div,5.0,0.8439024390243902,1.5209016799926758,400,205,3
ProximalPhalanxOutlineAgeGroup,sdtw_div,7.0,0.8195121951219512,1.1607747077941897,400,205,3
ProximalPhalanxOutlineAgeGroup,sharp_sdtw_div,7.0,0.8390243902439024,1.5117900371551514,400,205,3
DodgerLoopGame,sdtw_div,3.0,0.7716535433070866,4.257471799850464,17,127,2
ProximalPhalanxOutlineAgeGroup,sdtw_div,10.0,0.8195121951219512,1.1571950912475586,400,205,3
ProximalPhalanxOutlineAgeGroup,sharp_sdtw_div,10.0,0.8390243902439024,1.5150260925292969,400,205,3
ProximalPhalanxOutlineCorrect,sdtw_div,0.5,0.6426116838487973,1.5950863361358645,600,291,2
DodgerLoopGame,sharp_sdtw_div,3.0,0.8503937007874016,5.072793245315552,17,127,2
ProximalPhalanxOutlineCorrect,sharp_sdtw_div,0.5,0.6426116838487973,5.115622282028198,600,291,2
DodgerLoopGame,sdtw_div,5.0,0.8110236220472441,4.582003116607666,17,127,2
ProximalPhalanxOutlineCorrect,sdtw_div,1.0,0.6426116838487973,1.5676658153533936,600,291,2
ProximalPhalanxOutlineCorrect,sharp_sdtw_div,1.0,0.6426116838487973,2.9664764404296875,600,291,2
DodgerLoopGame,sharp_sdtw_div,5.0,0.7874015748031497,5.892847299575806,17,127,2
ProximalPhalanxOutlineCorrect,sdtw_div,3.0,0.6426116838487973,1.5807151794433594,600,291,2
ProximalPhalanxOutlineCorrect,sharp_sdtw_div,3.0,0.6426116838487973,2.1000452041625977,600,291,2
ProximalPhalanxOutlineCorrect,sdtw_div,5.0,0.6426116838487973,1.5804083347320557,600,291,2
DodgerLoopGame,sdtw_div,7.0,0.7874015748031497,4.418654441833496,17,127,2
ProximalPhalanxOutlineCorrect,sharp_sdtw_div,5.0,0.6426116838487973,2.0964550971984863,600,291,2
ProximalPhalanxOutlineCorrect,sdtw_div,7.0,0.6426116838487973,1.574462890625,600,291,2
ProximalPhalanxOutlineCorrect,sharp_sdtw_div,7.0,0.6426116838487973,2.0843896865844727,600,291,2
DodgerLoopGame,sharp_sdtw_div,7.0,0.7952755905511811,5.610895156860352,17,127,2
ProximalPhalanxOutlineCorrect,sdtw_div,10.0,0.6426116838487973,1.5719690322875977,600,291,2
ProximalPhalanxOutlineCorrect,sharp_sdtw_div,10.0,0.6426116838487973,2.0793137550354004,600,291,2
DodgerLoopGame,sdtw_div,10.0,0.8110236220472441,4.841821670532227,17,127,2
ProximalPhalanxTW,sdtw_div,0.5,0.7219512195121951,1.6460633277893066,400,205,6
ProximalPhalanxTW,sharp_sdtw_div,0.5,0.7268292682926829,2.344665288925171,400,205,6
ProximalPhalanxTW,sdtw_div,1.0,0.7219512195121951,1.464773178100586,400,205,6
DodgerLoopGame,sharp_sdtw_div,10.0,0.7795275590551181,5.932403802871704,17,127,2
Chinatown,sdtw_div,0.5,0.8862973760932945,0.0578608512878418,20,343,2
Chinatown,sharp_sdtw_div,0.5,0.8862973760932945,0.0577342510223388,20,343,2
Chinatown,sdtw_div,1.0,0.8862973760932945,0.0459115505218505,20,343,2
ProximalPhalanxTW,sharp_sdtw_div,1.0,0.7268292682926829,2.294006586074829,400,205,6
Chinatown,sdtw_div,3.0,0.8862973760932945,0.0485603809356689,20,343,2
Chinatown,sharp_sdtw_div,3.0,0.8862973760932945,0.057668924331665,20,343,2
Chinatown,sdtw_div,5.0,0.8862973760932945,0.0487160682678222,20,343,2
Chinatown,sharp_sdtw_div,5.0,0.8833819241982507,0.0584354400634765,20,343,2
Chinatown,sdtw_div,7.0,0.8833819241982507,0.0501270294189453,20,343,2
Chinatown,sharp_sdtw_div,7.0,0.8862973760932945,0.059335708618164,20,343,2
Chinatown,sdtw_div,10.0,0.8833819241982507,0.0491671562194824,20,343,2
Chinatown,sharp_sdtw_div,10.0,0.8862973760932945,0.0590908527374267,20,343,2
ProximalPhalanxTW,sdtw_div,3.0,0.7170731707317073,1.4620835781097412,400,205,6
MelbournePedestrian,sdtw_div,0.5,0.7097887020267356,2.212277173995972,1138,2319,10
ProximalPhalanxTW,sharp_sdtw_div,3.0,0.7121951219512195,1.858484506607056,400,205,6
ProximalPhalanxTW,sdtw_div,5.0,0.7073170731707317,1.4597809314727783,400,205,6
MelbournePedestrian,sharp_sdtw_div,0.5,0.710651142733937,2.8153328895568848,1138,2319,10
ProximalPhalanxTW,sharp_sdtw_div,5.0,0.7268292682926829,1.8481049537658687,400,205,6
MelbournePedestrian,sdtw_div,1.0,0.7041828374299267,2.1664905548095703,1138,2319,10
ProximalPhalanxTW,sdtw_div,7.0,0.7024390243902439,1.4559495449066162,400,205,6
ChlorineConcentration,sharp_sdtw_div,3.0,0.3182291666666667,92.04020166397096,467,3840,3
ProximalPhalanxTW,sharp_sdtw_div,7.0,0.7219512195121951,1.8459901809692385,400,205,6
MelbournePedestrian,sharp_sdtw_div,1.0,0.7041828374299267,2.7595114707946777,1138,2319,10
ProximalPhalanxTW,sdtw_div,10.0,0.7073170731707317,1.451528787612915,400,205,6
MelbournePedestrian,sdtw_div,3.0,0.7076326002587322,2.406712293624878,1138,2319,10
ProximalPhalanxTW,sharp_sdtw_div,10.0,0.7268292682926829,1.8419077396392824,400,205,6
MelbournePedestrian,sharp_sdtw_div,3.0,0.705045278137128,2.8567259311676025,1138,2319,10
MelbournePedestrian,sdtw_div,5.0,0.7072013799051315,2.370947360992432,1138,2319,10
MelbournePedestrian,sharp_sdtw_div,5.0,0.709357481673135,3.028667449951172,1138,2319,10
MelbournePedestrian,sdtw_div,7.0,0.7072013799051315,2.3590989112854004,1138,2319,10
MelbournePedestrian,sharp_sdtw_div,7.0,0.7089262613195343,2.976762294769287,1138,2319,10
MelbournePedestrian,sdtw_div,10.0,0.7020267356619232,2.387178659439087,1138,2319,10
MelbournePedestrian,sharp_sdtw_div,10.0,0.7046140577835274,3.0227956771850586,1138,2319,10
ShapeletSim,sdtw_div,0.5,0.6722222222222223,19.98088812828064,20,180,2
Colposcopy,sdtw_div,0.5,0.3168316831683168,9.344676733016968,99,101,6
FaceAll,sharp_sdtw_div,1.0,0.8928994082840237,100.94284105300903,560,1690,14
Colposcopy,sharp_sdtw_div,0.5,0.3564356435643564,16.229692459106445,99,101,6
ShapeletSim,sharp_sdtw_div,0.5,0.5388888888888889,30.831806659698486,20,180,2
ChlorineConcentration,sdtw_div,5.0,0.3361979166666666,56.48512005805969,467,3840,3
Colposcopy,sdtw_div,1.0,0.3861386138613861,12.24480962753296,99,101,6
ShapeletSim,sdtw_div,1.0,0.7277777777777777,19.103607892990112,20,180,2
Colposcopy,sharp_sdtw_div,1.0,0.3861386138613861,16.369191884994507,99,101,6
Colposcopy,sdtw_div,3.0,0.3564356435643564,11.686079025268556,99,101,6
FaceAll,sdtw_div,3.0,0.8621301775147929,69.32332849502563,560,1690,14
Colposcopy,sharp_sdtw_div,3.0,0.3762376237623762,16.27228832244873,99,101,6
ShapeletSim,sharp_sdtw_div,1.0,0.6777777777777778,34.300119400024414,20,180,2
Colposcopy,sdtw_div,5.0,0.3564356435643564,11.81484866142273,99,101,6
ShapeletSim,sdtw_div,3.0,0.7,18.626110076904297,20,180,2
Colposcopy,sharp_sdtw_div,5.0,0.3267326732673267,15.75965428352356,99,101,6
Colposcopy,sdtw_div,7.0,0.3762376237623762,10.524680137634276,99,101,6
ChlorineConcentration,sharp_sdtw_div,5.0,0.3200520833333333,87.22881889343262,467,3840,3
ShapeletSim,sharp_sdtw_div,3.0,0.6944444444444444,30.26307678222656,20,180,2
Colposcopy,sharp_sdtw_div,7.0,0.3663366336633663,18.07916593551636,99,101,6
Colposcopy,sdtw_div,10.0,0.3069306930693069,10.498562574386597,99,101,6
ShapeletSim,sdtw_div,5.0,0.6388888888888888,18.98712658882141,20,180,2
Colposcopy,sharp_sdtw_div,10.0,0.3762376237623762,14.434820175170898,99,101,6
ChlorineConcentration,sdtw_div,7.0,0.33203125,46.86807084083557,467,3840,3
SharePriceIncrease,sdtw_div,0.5,0.629399585921325,6.773000001907349,965,966,2
SharePriceIncrease,sharp_sdtw_div,0.5,0.629399585921325,6.469045877456665,965,966,2
FaceAll,sharp_sdtw_div,3.0,0.8857988165680474,98.00418210029602,560,1690,14
SharePriceIncrease,sdtw_div,1.0,0.6066252587991718,6.288819551467896,965,966,2
ShapeletSim,sharp_sdtw_div,5.0,0.7166666666666667,33.28672671318054,20,180,2
SharePriceIncrease,sharp_sdtw_div,1.0,0.5910973084886129,9.005265951156616,965,966,2
SharePriceIncrease,sdtw_div,3.0,0.6221532091097308,6.848824739456177,965,966,2
ShapeletSim,sdtw_div,7.0,0.6277777777777778,19.8140811920166,20,180,2
SharePriceIncrease,sharp_sdtw_div,3.0,0.5973084886128365,11.913891553878784,965,966,2
SharePriceIncrease,sdtw_div,5.0,0.6200828157349897,8.077386617660522,965,966,2
SharePriceIncrease,sharp_sdtw_div,5.0,0.6325051759834368,10.200860023498535,965,966,2
SharePriceIncrease,sdtw_div,7.0,0.6190476190476191,8.503712892532349,965,966,2
ChlorineConcentration,sharp_sdtw_div,7.0,0.3270833333333333,73.99050402641296,467,3840,3
ShapeletSim,sharp_sdtw_div,7.0,0.7,35.879061222076416,20,180,2
SharePriceIncrease,sharp_sdtw_div,7.0,0.6149068322981367,9.393059253692629,965,966,2
FaceAll,sdtw_div,5.0,0.8431952662721893,68.46598029136658,560,1690,14
SharePriceIncrease,sdtw_div,10.0,0.6107660455486542,8.845312356948853,965,966,2
ShapeletSim,sdtw_div,10.0,0.5888888888888889,17.943902254104614,20,180,2
SharePriceIncrease,sharp_sdtw_div,10.0,0.6190476190476191,11.723058462142944,965,966,2
ChlorineConcentration,sdtw_div,10.0,0.3408854166666666,43.04911971092224,467,3840,3
ShapeletSim,sharp_sdtw_div,10.0,0.6888888888888889,31.63494372367859,20,180,2
SonyAIBORobotSurface1,sdtw_div,0.5,0.8219633943427621,0.6680941581726074,20,601,2
SonyAIBORobotSurface1,sharp_sdtw_div,0.5,0.8718801996672213,0.8090801239013672,20,601,2
SonyAIBORobotSurface1,sdtw_div,1.0,0.8336106489184693,0.63116455078125,20,601,2
SonyAIBORobotSurface1,sharp_sdtw_div,1.0,0.848585690515807,0.8896484375,20,601,2
SonyAIBORobotSurface1,sdtw_div,3.0,0.8502495840266223,0.5456690788269043,20,601,2
SonyAIBORobotSurface1,sharp_sdtw_div,3.0,0.8136439267886856,0.7786803245544434,20,601,2
SonyAIBORobotSurface1,sdtw_div,5.0,0.831946755407654,0.5205347537994385,20,601,2
SonyAIBORobotSurface1,sharp_sdtw_div,5.0,0.8386023294509152,0.6200003623962402,20,601,2
SonyAIBORobotSurface1,sdtw_div,7.0,0.8252911813643927,0.5241901874542236,20,601,2
SonyAIBORobotSurface1,sharp_sdtw_div,7.0,0.8519134775374376,0.616356372833252,20,601,2
SonyAIBORobotSurface1,sdtw_div,10.0,0.8202995008319468,0.5172333717346191,20,601,2
SonyAIBORobotSurface1,sharp_sdtw_div,10.0,0.8419301164725458,0.5962944030761719,20,601,2
SonyAIBORobotSurface2,sdtw_div,0.5,0.7649527806925498,0.8479702472686768,27,953,2
SonyAIBORobotSurface2,sharp_sdtw_div,0.5,0.7880377754459601,1.1018805503845217,27,953,2
SonyAIBORobotSurface2,sdtw_div,1.0,0.7670514165792235,0.8434176445007324,27,953,2
SonyAIBORobotSurface2,sharp_sdtw_div,1.0,0.789087093389297,1.010646104812622,27,953,2
SonyAIBORobotSurface2,sdtw_div,3.0,0.7712486883525709,0.8191299438476562,27,953,2
SonyAIBORobotSurface2,sharp_sdtw_div,3.0,0.7722980062959076,1.0035240650177002,27,953,2
SonyAIBORobotSurface2,sdtw_div,5.0,0.7712486883525709,0.79827880859375,27,953,2
SonyAIBORobotSurface2,sharp_sdtw_div,5.0,0.7712486883525709,1.022693157196045,27,953,2
SonyAIBORobotSurface2,sdtw_div,7.0,0.7712486883525709,0.7985227108001709,27,953,2
SonyAIBORobotSurface2,sharp_sdtw_div,7.0,0.7712486883525709,0.947723388671875,27,953,2
SonyAIBORobotSurface2,sdtw_div,10.0,0.7722980062959076,0.695197582244873,27,953,2
SonyAIBORobotSurface2,sharp_sdtw_div,10.0,0.7712486883525709,0.9223675727844238,27,953,2
FaceAll,sharp_sdtw_div,5.0,0.8757396449704142,99.87544417381288,560,1690,14
ChlorineConcentration,sharp_sdtw_div,10.0,0.3325520833333333,74.77458119392395,467,3840,3
Strawberry,sdtw_div,0.5,0.581081081081081,49.05358409881592,613,370,2
Coffee,sdtw_div,0.5,0.9285714285714286,1.5279500484466553,28,28,2
Coffee,sharp_sdtw_div,0.5,0.9285714285714286,2.720494508743286,28,28,2
Coffee,sdtw_div,1.0,0.9285714285714286,1.3669564723968506,28,28,2
Coffee,sharp_sdtw_div,1.0,0.9285714285714286,2.229429244995117,28,28,2
ElectricDeviceDetection,sdtw_div,0.5,0.8734076433121019,99.33341765403748,624,3768,2
Coffee,sdtw_div,3.0,0.9285714285714286,1.3694615364074707,28,28,2
Coffee,sharp_sdtw_div,3.0,0.9642857142857144,1.973938465118408,28,28,2
Coffee,sdtw_div,5.0,0.9285714285714286,1.3651280403137207,28,28,2
Coffee,sharp_sdtw_div,5.0,0.9642857142857144,1.9699194431304927,28,28,2
Coffee,sdtw_div,7.0,0.9285714285714286,1.3649399280548096,28,28,2
Coffee,sharp_sdtw_div,7.0,0.9285714285714286,1.960553407669068,28,28,2
Coffee,sdtw_div,10.0,0.9285714285714286,1.3895010948181152,28,28,2
Coffee,sharp_sdtw_div,10.0,0.9285714285714286,1.962587118148804,28,28,2
FaceAll,sdtw_div,7.0,0.829585798816568,65.2642879486084,560,1690,14
Strawberry,sharp_sdtw_div,0.5,0.5891891891891892,121.2198965549469,613,370,2
ElectricDeviceDetection,sharp_sdtw_div,0.5,0.8686305732484076,137.93324303627014,624,3768,2
Strawberry,sdtw_div,1.0,0.581081081081081,24.57661414146424,613,370,2
FaceAll,sharp_sdtw_div,7.0,0.8674556213017751,94.98311042785645,560,1690,14
CricketX,sdtw_div,0.5,0.5102564102564102,164.57070398330688,390,390,12
FaceAll,sdtw_div,10.0,0.8201183431952662,62.4348840713501,560,1690,14
ElectricDeviceDetection,sdtw_div,1.0,0.2553078556263269,68.19458723068237,624,3768,2
Strawberry,sharp_sdtw_div,1.0,0.581081081081081,88.72660088539124,613,370,2
Strawberry,sdtw_div,3.0,0.581081081081081,15.859190225601196,613,370,2
Strawberry,sharp_sdtw_div,3.0,0.5864864864864865,24.078009366989136,613,370,2
Strawberry,sdtw_div,5.0,0.5783783783783784,14.086253881454468,613,370,2
FaceAll,sharp_sdtw_div,10.0,0.8520710059171598,94.46282982826231,560,1690,14
Strawberry,sharp_sdtw_div,5.0,0.581081081081081,21.54422378540039,613,370,2
FaceFour,sdtw_div,0.5,0.8863636363636364,13.4356050491333,24,88,4
Strawberry,sdtw_div,7.0,0.5783783783783784,14.11115550994873,613,370,2
FaceFour,sharp_sdtw_div,0.5,0.8863636363636364,23.98338198661804,24,88,4
Strawberry,sharp_sdtw_div,7.0,0.581081081081081,21.54260420799256,613,370,2
FaceFour,sdtw_div,1.0,0.8977272727272727,11.582764387130736,24,88,4
Strawberry,sdtw_div,10.0,0.5783783783783784,14.083837747573853,613,370,2
ElectricDeviceDetection,sharp_sdtw_div,1.0,0.542728237791932,160.15211749076843,624,3768,2
FaceFour,sharp_sdtw_div,1.0,0.8977272727272727,25.688400983810425,24,88,4
Strawberry,sharp_sdtw_div,10.0,0.581081081081081,21.5367751121521,613,370,2
FaceFour,sdtw_div,3.0,0.8863636363636364,11.592339754104614,24,88,4
SwedishLeaf,sdtw_div,0.5,0.8176,20.60668158531189,500,625,15
FaceFour,sharp_sdtw_div,3.0,0.8977272727272727,20.737999200820923,24,88,4
FaceFour,sdtw_div,5.0,0.8863636363636364,10.922648668289185,24,88,4
SwedishLeaf,sharp_sdtw_div,0.5,0.7888,28.60255742073059,500,625,15
FaceFour,sharp_sdtw_div,5.0,0.8636363636363636,20.81234121322632,24,88,4
SwedishLeaf,sdtw_div,1.0,0.8304,20.290902137756348,500,625,15
FaceFour,sdtw_div,7.0,0.875,10.314031839370728,24,88,4
ElectricDeviceDetection,sdtw_div,3.0,0.3062632696390658,84.90318441390991,624,3768,2
FaceFour,sharp_sdtw_div,7.0,0.8636363636363636,23.98238253593445,24,88,4
SwedishLeaf,sharp_sdtw_div,1.0,0.8,26.99678325653076,500,625,15
FaceFour,sdtw_div,10.0,0.9090909090909092,11.762609243392944,24,88,4
SwedishLeaf,sdtw_div,3.0,0.8032,16.98924446105957,500,625,15
CricketX,sharp_sdtw_div,0.5,0.5025641025641026,311.63702917099,390,390,12
FaceFour,sharp_sdtw_div,10.0,0.8181818181818182,23.113999128341675,24,88,4
SwedishLeaf,sharp_sdtw_div,3.0,0.816,24.81304860115052,500,625,15
SwedishLeaf,sdtw_div,5.0,0.8,16.850270986557007,500,625,15
SwedishLeaf,sharp_sdtw_div,5.0,0.8096,22.784522533416748,500,625,15
SwedishLeaf,sdtw_div,7.0,0.7888,16.016900300979614,500,625,15
FacesUCR,sdtw_div,0.5,0.9097560975609756,63.58646821975708,200,2050,14
SwedishLeaf,sharp_sdtw_div,7.0,0.8016,20.705485582351685,500,625,15
SwedishLeaf,sdtw_div,10.0,0.7824,15.75328016281128,500,625,15
SwedishLeaf,sharp_sdtw_div,10.0,0.7984,20.291359663009644,500,625,15
ElectricDeviceDetection,sharp_sdtw_div,3.0,0.238588110403397,187.8644852638245,624,3768,2
FacesUCR,sharp_sdtw_div,0.5,0.8946341463414634,80.41040754318237,200,2050,14
CricketX,sdtw_div,1.0,0.5051282051282051,163.0666160583496,390,390,12
Symbols,sdtw_div,0.5,0.9597989949748744,71.8028507232666,25,995,6
FacesUCR,sdtw_div,1.0,0.9107317073170732,62.09863066673279,200,2050,14
ElectricDeviceDetection,sdtw_div,5.0,0.2173566878980891,76.76690816879272,624,3768,2
FacesUCR,sharp_sdtw_div,1.0,0.9190243902439024,75.64234709739685,200,2050,14
Symbols,sharp_sdtw_div,0.5,0.957788944723618,91.16210126876832,25,995,6
FacesUCR,sdtw_div,3.0,0.8892682926829268,60.477449893951416,200,2050,14
ElectricDeviceDetection,sharp_sdtw_div,5.0,0.2372611464968153,134.9951708316803,624,3768,2
Symbols,sdtw_div,1.0,0.9537688442211056,70.00563192367554,25,995,6
ElectricDeviceDetection,sdtw_div,7.0,0.2128450106157112,71.66068482398987,624,3768,2
FacesUCR,sharp_sdtw_div,3.0,0.9151219512195122,77.10526823997498,200,2050,14
CricketX,sharp_sdtw_div,1.0,0.5230769230769231,273.8929045200348,390,390,12
Symbols,sharp_sdtw_div,1.0,0.9618090452261306,94.22994446754456,25,995,6
FacesUCR,sdtw_div,5.0,0.8624390243902439,59.53615188598633,200,2050,14
Symbols,sdtw_div,3.0,0.941708542713568,71.48827981948853,25,995,6
FacesUCR,sharp_sdtw_div,5.0,0.9117073170731708,76.79306316375732,200,2050,14
CricketX,sdtw_div,3.0,0.4897435897435897,170.8851456642151,390,390,12
Symbols,sharp_sdtw_div,3.0,0.9517587939698492,81.5354540348053,25,995,6
FacesUCR,sdtw_div,7.0,0.8463414634146341,58.8279983997345,200,2050,14
ElectricDeviceDetection,sharp_sdtw_div,7.0,0.2335456475583864,246.62527656555176,624,3768,2
Symbols,sdtw_div,5.0,0.9316582914572864,71.29361772537231,25,995,6
FacesUCR,sharp_sdtw_div,7.0,0.9009756097560976,73.8683934211731,200,2050,14
ElectricDeviceDetection,sdtw_div,10.0,0.1892250530785562,66.8426125049591,624,3768,2
FacesUCR,sdtw_div,10.0,0.824390243902439,59.15597677230835,200,2050,14
Symbols,sharp_sdtw_div,5.0,0.9457286432160804,81.32691359519958,25,995,6
FacesUCR,sharp_sdtw_div,10.0,0.8863414634146342,72.6181263923645,200,2050,14
Symbols,sdtw_div,7.0,0.9256281407035176,71.30351853370667,25,995,6
CricketX,sharp_sdtw_div,3.0,0.5205128205128206,270.58323979377747,390,390,12
Fish,sdtw_div,0.5,0.8285714285714286,49.388012409210205,175,175,7
Symbols,sharp_sdtw_div,7.0,0.9457286432160804,81.37668681144714,25,995,6
Fish,sharp_sdtw_div,0.5,0.8114285714285714,89.05623602867126,175,175,7
Symbols,sdtw_div,10.0,0.9195979899497488,71.29694676399231,25,995,6
Fish,sdtw_div,1.0,0.84,47.156635999679565,175,175,7
ElectricDeviceDetection,sharp_sdtw_div,10.0,0.2194798301486199,299.4081075191498,624,3768,2
CricketX,sdtw_div,5.0,0.482051282051282,172.25533723831177,390,390,12
Symbols,sharp_sdtw_div,10.0,0.9396984924623116,81.04786443710327,25,995,6
SyntheticControl,sdtw_div,0.5,0.9733333333333334,3.15948486328125,300,300,6
SyntheticControl,sharp_sdtw_div,0.5,0.98,3.881160497665405,300,300,6
SyntheticControl,sdtw_div,1.0,0.98,2.659653902053833,300,300,6
SyntheticControl,sharp_sdtw_div,1.0,0.98,3.877995252609253,300,300,6
SyntheticControl,sdtw_div,3.0,0.9533333333333334,2.799649953842163,300,300,6
SyntheticControl,sharp_sdtw_div,3.0,0.9833333333333332,3.759460210800171,300,300,6
Fish,sharp_sdtw_div,1.0,0.8285714285714286,74.07027745246887,175,175,7
SyntheticControl,sdtw_div,5.0,0.9533333333333334,2.6622064113616943,300,300,6
Epilepsy2,sdtw_div,0.5,0.8637478108581436,51.75569701194763,80,11420,2
SyntheticControl,sharp_sdtw_div,5.0,0.9733333333333334,4.287180185317993,300,300,6
SyntheticControl,sdtw_div,7.0,0.9566666666666668,2.2919163703918457,300,300,6
SyntheticControl,sharp_sdtw_div,7.0,0.95,3.719365119934082,300,300,6
SyntheticControl,sdtw_div,10.0,0.9533333333333334,2.4260060787200928,300,300,6
SyntheticControl,sharp_sdtw_div,10.0,0.9566666666666668,3.412879943847656,300,300,6
ToeSegmentation1,sdtw_div,0.5,0.7587719298245614,9.802304029464722,40,228,2
ToeSegmentation1,sharp_sdtw_div,0.5,0.7894736842105263,14.340692043304443,40,228,2
Fish,sdtw_div,3.0,0.8057142857142857,46.873846769332886,175,175,7
ToeSegmentation1,sdtw_div,1.0,0.7807017543859649,11.219957828521729,40,228,2
Epilepsy2,sharp_sdtw_div,0.5,0.8950963222416812,59.28121566772461,80,11420,2
ToeSegmentation1,sharp_sdtw_div,1.0,0.75,17.676109790802002,40,228,2
ToeSegmentation1,sdtw_div,3.0,0.7412280701754386,13.830116271972656,40,228,2
ToeSegmentation1,sharp_sdtw_div,3.0,0.7368421052631579,25.32650375366211,40,228,2
Epilepsy2,sdtw_div,1.0,0.8225919439579685,50.82666397094727,80,11420,2
Fish,sharp_sdtw_div,3.0,0.8571428571428571,69.65002727508545,175,175,7
ToeSegmentation1,sdtw_div,5.0,0.706140350877193,11.474750518798828,40,228,2
ToeSegmentation1,sharp_sdtw_div,5.0,0.8201754385964912,19.679652452468872,40,228,2
ToeSegmentation1,sdtw_div,7.0,0.6798245614035088,12.578665733337402,40,228,2
Fish,sdtw_div,5.0,0.7485714285714286,46.91103100776672,175,175,7
Epilepsy2,sharp_sdtw_div,1.0,0.8656742556917688,57.55298113822937,80,11420,2
ToeSegmentation1,sharp_sdtw_div,7.0,0.7763157894736842,19.496286869049072,40,228,2
ToeSegmentation1,sdtw_div,10.0,0.6491228070175439,8.497771739959717,40,228,2
ToeSegmentation1,sharp_sdtw_div,10.0,0.7763157894736842,19.420764684677124,40,228,2
ToeSegmentation2,sdtw_div,0.5,0.7923076923076923,17.428230047225952,36,130,2
Epilepsy2,sdtw_div,3.0,0.7705779334500875,51.474852085113525,80,11420,2
Fish,sharp_sdtw_div,5.0,0.8514285714285714,68.06544637680054,175,175,7
CricketX,sharp_sdtw_div,5.0,0.541025641025641,286.6168282032013,390,390,12
ToeSegmentation2,sharp_sdtw_div,0.5,0.8,26.17728304862976,36,130,2
ToeSegmentation2,sdtw_div,1.0,0.8461538461538461,15.987843751907349,36,130,2
Fish,sdtw_div,7.0,0.7257142857142858,46.819575548172,175,175,7
Epilepsy2,sharp_sdtw_div,3.0,0.7856392294220665,58.2677686214447,80,11420,2
ToeSegmentation2,sharp_sdtw_div,1.0,0.7692307692307693,25.07099413871765,36,130,2
ToeSegmentation2,sdtw_div,3.0,0.8615384615384616,18.703545093536377,36,130,2
Epilepsy2,sdtw_div,5.0,0.7612959719789842,51.46875810623169,80,11420,2
ToeSegmentation2,sharp_sdtw_div,3.0,0.7923076923076923,27.51207947731018,36,130,2
ToeSegmentation2,sdtw_div,5.0,0.7846153846153846,11.020137548446655,36,130,2
Fish,sharp_sdtw_div,7.0,0.8342857142857143,67.87183809280396,175,175,7
ToeSegmentation2,sharp_sdtw_div,5.0,0.7153846153846154,25.170373916625977,36,130,2
ToeSegmentation2,sdtw_div,7.0,0.6846153846153846,14.170039415359495,36,130,2
Epilepsy2,sharp_sdtw_div,5.0,0.7747810858143608,58.12040948867798,80,11420,2
CricketX,sdtw_div,7.0,0.4615384615384615,149.73875999450684,390,390,12
Fish,sdtw_div,10.0,0.7142857142857143,46.0939621925354,175,175,7
ToeSegmentation2,sharp_sdtw_div,7.0,0.7769230769230769,23.3771231174469,36,130,2
ToeSegmentation2,sdtw_div,10.0,0.7,9.793254613876345,36,130,2
Epilepsy2,sdtw_div,7.0,0.7569176882661997,51.50648856163025,80,11420,2
ToeSegmentation2,sharp_sdtw_div,10.0,0.7846153846153846,28.83558440208435,36,130,2
Trace,sdtw_div,0.5,0.81,15.636490106582642,100,100,4
Fish,sharp_sdtw_div,10.0,0.8285714285714286,68.8557436466217,175,175,7
GunPoint,sdtw_div,0.5,0.6666666666666666,3.466784715652466,50,150,2
GunPoint,sharp_sdtw_div,0.5,0.7933333333333333,8.512717723846436,50,150,2
GunPoint,sdtw_div,1.0,0.62,1.3317720890045166,50,150,2
GunPoint,sharp_sdtw_div,1.0,0.6866666666666666,6.7020344734191895,50,150,2
GunPoint,sdtw_div,3.0,0.6333333333333333,1.3068108558654783,50,150,2
GunPoint,sharp_sdtw_div,3.0,0.6,2.8557491302490234,50,150,2
GunPoint,sdtw_div,5.0,0.7333333333333333,1.3083298206329346,50,150,2
GunPoint,sharp_sdtw_div,5.0,0.6,1.977834939956665,50,150,2
GunPoint,sdtw_div,7.0,0.7466666666666667,1.2381086349487305,50,150,2
GunPoint,sharp_sdtw_div,7.0,0.6266666666666667,1.868773460388184,50,150,2
GunPoint,sdtw_div,10.0,0.7466666666666667,1.238514423370361,50,150,2
Trace,sharp_sdtw_div,0.5,0.97,34.95431733131409,100,100,4
GunPoint,sharp_sdtw_div,10.0,0.6933333333333334,1.7584946155548096,50,150,2
Epilepsy2,sharp_sdtw_div,7.0,0.7667250437828371,58.17656946182251,80,11420,2
Trace,sdtw_div,1.0,0.78,8.547541618347168,100,100,4
Trace,sharp_sdtw_div,1.0,0.87,44.639689683914185,100,100,4
Epilepsy2,sdtw_div,10.0,0.7546409807355516,51.50980520248413,80,11420,2
Trace,sdtw_div,3.0,0.73,7.976526737213135,100,100,4
Ham,sdtw_div,0.5,0.7619047619047619,71.88528823852539,109,105,2
Trace,sharp_sdtw_div,3.0,0.76,20.157464027404785,100,100,4
Trace,sdtw_div,5.0,0.73,11.391551733016968,100,100,4
Trace,sharp_sdtw_div,5.0,0.75,18.59168267250061,100,100,4
Epilepsy2,sharp_sdtw_div,10.0,0.7612959719789842,58.17153286933899,80,11420,2
Trace,sdtw_div,7.0,0.73,11.514863729476929,100,100,4
Trace,sharp_sdtw_div,7.0,0.73,32.95600390434265,100,100,4
Trace,sdtw_div,10.0,0.73,12.055919408798218,100,100,4
Trace,sharp_sdtw_div,10.0,0.73,9.844156742095947,100,100,4
CricketX,sharp_sdtw_div,7.0,0.5230769230769231,283.7612645626068,390,390,12
TwoLeadECG,sdtw_div,0.5,0.7857769973661106,1.3006868362426758,23,1139,2
TwoLeadECG,sharp_sdtw_div,0.5,0.8419666374012291,1.6949007511138916,23,1139,2
TwoLeadECG,sdtw_div,1.0,0.7682177348551361,1.2269093990325928,23,1139,2
TwoLeadECG,sharp_sdtw_div,1.0,0.8182616330114135,1.547469139099121,23,1139,2
TwoLeadECG,sdtw_div,3.0,0.7190517998244074,1.236344337463379,23,1139,2
TwoLeadECG,sharp_sdtw_div,3.0,0.7682177348551361,1.3933095932006836,23,1139,2
TwoLeadECG,sdtw_div,5.0,0.6918349429323969,1.2490730285644531,23,1139,2
TwoLeadECG,sharp_sdtw_div,5.0,0.7489025460930641,1.410818576812744,23,1139,2
TwoLeadECG,sdtw_div,7.0,0.6733977172958736,1.2409751415252686,23,1139,2
TwoLeadECG,sharp_sdtw_div,7.0,0.746268656716418,1.410836935043335,23,1139,2
TwoLeadECG,sdtw_div,10.0,0.6496927129060579,1.246305227279663,23,1139,2
TwoLeadECG,sharp_sdtw_div,10.0,0.7251975417032485,1.409045934677124,23,1139,2
TwoPatterns,sdtw_div,0.5,0.96475,55.48145508766174,1000,4000,4
Ham,sharp_sdtw_div,0.5,0.7428571428571429,188.01924300193787,109,105,2
Ham,sdtw_div,1.0,0.7523809523809524,58.45489287376404,109,105,2
CricketX,sdtw_div,10.0,0.4384615384615384,152.32308340072632,390,390,12
TwoPatterns,sharp_sdtw_div,0.5,0.96675,94.32218933105467,1000,4000,4
TwoPatterns,sdtw_div,1.0,0.92975,59.77354574203491,1000,4000,4
Ham,sharp_sdtw_div,1.0,0.7428571428571429,176.34796953201294,109,105,2
TwoPatterns,sharp_sdtw_div,1.0,0.96125,104.65512442588806,1000,4000,4
Ham,sdtw_div,3.0,0.7428571428571429,26.5307891368866,109,105,2
TwoPatterns,sdtw_div,3.0,0.696,55.38007593154907,1000,4000,4
Ham,sharp_sdtw_div,3.0,0.7142857142857143,68.96358585357666,109,105,2
CricketX,sharp_sdtw_div,10.0,0.5025641025641026,277.6730811595917,390,390,12
Ham,sdtw_div,5.0,0.7523809523809524,25.30190706253052,109,105,2
TwoPatterns,sharp_sdtw_div,3.0,0.87775,91.83851480484007,1000,4000,4
Ham,sharp_sdtw_div,5.0,0.7428571428571429,91.6155333518982,109,105,2
TwoPatterns,sdtw_div,5.0,0.62025,58.53618836402893,1000,4000,4
Ham,sdtw_div,7.0,0.7428571428571429,20.19495677947998,109,105,2
CricketY,sdtw_div,0.5,0.5641025641025641,154.70496344566345,390,390,12
Ham,sharp_sdtw_div,7.0,0.7238095238095238,58.83208608627319,109,105,2
Ham,sdtw_div,10.0,0.7523809523809524,16.360862016677856,109,105,2
TwoPatterns,sharp_sdtw_div,5.0,0.807,91.73767495155334,1000,4000,4
Ham,sharp_sdtw_div,10.0,0.7333333333333333,38.98785424232483,109,105,2
Herring,sdtw_div,0.5,0.625,15.638013124465942,64,64,2
TwoPatterns,sdtw_div,7.0,0.58025,59.92870044708252,1000,4000,4
Herring,sharp_sdtw_div,0.5,0.625,52.199756383895874,64,64,2
Herring,sdtw_div,1.0,0.625,14.493157148361206,64,64,2
TwoPatterns,sharp_sdtw_div,7.0,0.78825,88.56208920478821,1000,4000,4
Herring,sharp_sdtw_div,1.0,0.625,35.038249015808105,64,64,2
Herring,sdtw_div,3.0,0.671875,14.070152044296265,64,64,2
Herring,sharp_sdtw_div,3.0,0.640625,26.040838718414307,64,64,2
Herring,sdtw_div,5.0,0.65625,11.945147275924684,64,64,2
TwoPatterns,sdtw_div,10.0,0.466,56.40265917778015,1000,4000,4
Herring,sharp_sdtw_div,5.0,0.625,25.88846111297608,64,64,2
Herring,sdtw_div,7.0,0.640625,11.935824632644652,64,64,2
Herring,sharp_sdtw_div,7.0,0.640625,22.91286373138428,64,64,2
Herring,sdtw_div,10.0,0.640625,11.916916370391846,64,64,2
CricketY,sharp_sdtw_div,0.5,0.5512820512820513,321.40289211273193,390,390,12
TwoPatterns,sharp_sdtw_div,10.0,0.7145,80.01259994506836,1000,4000,4
CricketZ,sdtw_div,0.5,0.558974358974359,114.17043328285216,390,390,12
Herring,sharp_sdtw_div,10.0,0.65625,21.12667226791382,64,64,2
ItalyPowerDemand,sdtw_div,0.5,0.8824101068999028,0.343693733215332,67,1029,2
ItalyPowerDemand,sharp_sdtw_div,0.5,0.793974732750243,0.4208087921142578,67,1029,2
ItalyPowerDemand,sdtw_div,1.0,0.9047619047619048,0.3331022262573242,67,1029,2
ItalyPowerDemand,sharp_sdtw_div,1.0,0.8736637512147716,0.4419050216674804,67,1029,2
ItalyPowerDemand,sdtw_div,3.0,0.8940719144800777,0.3176658153533935,67,1029,2
ItalyPowerDemand,sharp_sdtw_div,3.0,0.8960155490767736,0.4689168930053711,67,1029,2
ItalyPowerDemand,sdtw_div,5.0,0.8892128279883382,0.2573926448822021,67,1029,2
ItalyPowerDemand,sharp_sdtw_div,5.0,0.8940719144800777,0.4104213714599609,67,1029,2
ItalyPowerDemand,sdtw_div,7.0,0.8862973760932945,0.2528715133666992,67,1029,2
ItalyPowerDemand,sharp_sdtw_div,7.0,0.8979591836734694,0.3934307098388672,67,1029,2
ItalyPowerDemand,sdtw_div,10.0,0.8843537414965986,0.2440941333770752,67,1029,2
ItalyPowerDemand,sharp_sdtw_div,10.0,0.8892128279883382,0.3206567764282226,67,1029,2
Lightning2,sdtw_div,0.5,0.6229508196721312,69.81244421005249,60,61,2
Wafer,sdtw_div,0.5,0.6719662556781311,90.04601192474365,1000,6164,2
CricketY,sdtw_div,1.0,0.5512820512820513,166.79415440559387,390,390,12
CricketZ,sharp_sdtw_div,0.5,0.5769230769230769,185.05341148376465,390,390,12
Wafer,sharp_sdtw_div,0.5,0.8578844905905256,167.78227996826172,1000,6164,2
Lightning2,sharp_sdtw_div,0.5,0.6229508196721312,176.15996479988098,60,61,2
CricketZ,sdtw_div,1.0,0.5615384615384615,113.35894107818604,390,390,12
Wafer,sdtw_div,1.0,0.6838092147955873,79.96845579147339,1000,6164,2
Lightning2,sdtw_div,1.0,0.6557377049180327,101.67763948440552,60,61,2
CricketY,sharp_sdtw_div,1.0,0.5384615384615384,270.727037191391,390,390,12
CricketZ,sharp_sdtw_div,1.0,0.5333333333333333,170.5415861606598,390,390,12
Wafer,sharp_sdtw_div,1.0,0.8541531473069436,164.18702292442322,1000,6164,2
Lightning2,sharp_sdtw_div,1.0,0.639344262295082,215.94490122795105,60,61,2
Wafer,sdtw_div,3.0,0.6922452952628163,83.71921634674072,1000,6164,2
CricketZ,sdtw_div,3.0,0.5435897435897435,117.99104619026184,390,390,12
CricketY,sdtw_div,3.0,0.5384615384615384,173.59762144088745,390,390,12
Lightning2,sdtw_div,3.0,0.639344262295082,97.13886880874634,60,61,2
Wafer,sharp_sdtw_div,3.0,0.9161258922777418,149.8000421524048,1000,6164,2
CricketZ,sharp_sdtw_div,3.0,0.5846153846153846,173.28716921806335,390,390,12
Wafer,sdtw_div,5.0,0.6890006489292667,93.52824854850768,1000,6164,2
CricketY,sharp_sdtw_div,3.0,0.5615384615384615,276.2895905971527,390,390,12
CricketZ,sdtw_div,5.0,0.5282051282051282,120.83021450042725,390,390,12
Lightning2,sharp_sdtw_div,3.0,0.6557377049180327,236.6611728668213,60,61,2
Wafer,sharp_sdtw_div,5.0,0.6998702141466581,142.43560314178467,1000,6164,2
Lightning2,sdtw_div,5.0,0.6721311475409836,103.74029231071472,60,61,2
CricketY,sdtw_div,5.0,0.5153846153846153,171.55328464508057,390,390,12
CricketZ,sharp_sdtw_div,5.0,0.5897435897435898,167.94842052459717,390,390,12
Wafer,sdtw_div,7.0,0.6849448410123297,90.40925121307372,1000,6164,2
CricketZ,sdtw_div,7.0,0.4923076923076923,114.91409301757812,390,390,12
Wafer,sharp_sdtw_div,7.0,0.7162556781310837,136.9887912273407,1000,6164,2
Lightning2,sharp_sdtw_div,5.0,0.6065573770491803,193.3303635120392,60,61,2
Wafer,sdtw_div,10.0,0.6778066190785205,44.10861992835999,1000,6164,2
Lightning2,sdtw_div,7.0,0.7377049180327869,94.66377663612366,60,61,2
CricketY,sharp_sdtw_div,5.0,0.5487179487179488,281.442852973938,390,390,12
CricketZ,sharp_sdtw_div,7.0,0.5948717948717949,177.09618616104126,390,390,12
Wafer,sharp_sdtw_div,10.0,0.7087929915639195,137.3994529247284,1000,6164,2
Wine,sdtw_div,0.5,0.5555555555555556,1.6210272312164309,57,54,2
Wine,sharp_sdtw_div,0.5,0.6111111111111112,15.668339014053345,57,54,2
Wine,sdtw_div,1.0,0.5555555555555556,1.3322677612304688,57,54,2
Wine,sharp_sdtw_div,1.0,0.5555555555555556,2.3001701831817627,57,54,2
Wine,sdtw_div,3.0,0.5555555555555556,1.2009007930755615,57,54,2
Wine,sharp_sdtw_div,3.0,0.5555555555555556,1.7436115741729736,57,54,2
Wine,sdtw_div,5.0,0.5555555555555556,1.2000043392181396,57,54,2
Wine,sharp_sdtw_div,5.0,0.5555555555555556,1.7412235736846924,57,54,2
Wine,sdtw_div,7.0,0.5555555555555556,1.198418140411377,57,54,2
Wine,sharp_sdtw_div,7.0,0.5555555555555556,1.7403264045715332,57,54,2
Wine,sdtw_div,10.0,0.5555555555555556,1.200199842453003,57,54,2
Wine,sharp_sdtw_div,10.0,0.5555555555555556,1.5693581104278564,57,54,2
CricketZ,sdtw_div,10.0,0.4692307692307692,114.5400731563568,390,390,12
CricketY,sdtw_div,7.0,0.5025641025641026,168.59384083747864,390,390,12
WordSynonyms,sdtw_div,0.5,0.5219435736677116,135.98240184783936,267,638,25
Lightning2,sharp_sdtw_div,7.0,0.6885245901639344,287.0329840183258,60,61,2
CricketZ,sharp_sdtw_div,10.0,0.5666666666666667,179.53379702568054,390,390,12
DiatomSizeReduction,sdtw_div,0.5,0.8790849673202614,10.717722654342651,16,306,4
DiatomSizeReduction,sharp_sdtw_div,0.5,0.8366013071895425,12.428993940353394,16,306,4
DiatomSizeReduction,sdtw_div,1.0,0.915032679738562,10.617315769195557,16,306,4
DiatomSizeReduction,sharp_sdtw_div,1.0,0.8464052287581699,12.234511852264404,16,306,4
Lightning2,sdtw_div,10.0,0.7213114754098361,106.83306837081908,60,61,2
DiatomSizeReduction,sdtw_div,3.0,0.9477124183006536,10.89558744430542,16,306,4
DiatomSizeReduction,sharp_sdtw_div,3.0,0.8823529411764706,12.38531732559204,16,306,4
DiatomSizeReduction,sdtw_div,5.0,0.9673202614379084,10.88786768913269,16,306,4
DiatomSizeReduction,sharp_sdtw_div,5.0,0.915032679738562,12.382527828216553,16,306,4
DiatomSizeReduction,sdtw_div,7.0,0.9673202614379084,10.885650396347046,16,306,4
DiatomSizeReduction,sharp_sdtw_div,7.0,0.931372549019608,12.393131494522097,16,306,4
DiatomSizeReduction,sdtw_div,10.0,0.9640522875816994,10.895309686660768,16,306,4
WordSynonyms,sharp_sdtw_div,0.5,0.4561128526645768,232.5521776676178,267,638,25
DiatomSizeReduction,sharp_sdtw_div,10.0,0.954248366013072,12.3876371383667,16,306,4
DistalPhalanxOutlineAgeGroup,sdtw_div,0.5,0.7050359712230215,2.545823574066162,400,139,3
CricketY,sharp_sdtw_div,7.0,0.5435897435897435,290.07117342948914,390,390,12
DistalPhalanxOutlineAgeGroup,sharp_sdtw_div,0.5,0.7266187050359713,5.908544063568115,400,139,3
DistalPhalanxOutlineAgeGroup,sdtw_div,1.0,0.7194244604316546,2.2294163703918457,400,139,3
DistalPhalanxOutlineAgeGroup,sharp_sdtw_div,1.0,0.7050359712230215,4.664141178131104,400,139,3
DistalPhalanxOutlineAgeGroup,sdtw_div,3.0,0.7194244604316546,1.1967101097106934,400,139,3
DistalPhalanxOutlineAgeGroup,sharp_sdtw_div,3.0,0.7122302158273381,2.4889838695526123,400,139,3
DistalPhalanxOutlineAgeGroup,sdtw_div,5.0,0.7122302158273381,1.0451078414916992,400,139,3
DistalPhalanxOutlineAgeGroup,sharp_sdtw_div,5.0,0.7194244604316546,1.7702856063842771,400,139,3
DistalPhalanxOutlineAgeGroup,sdtw_div,7.0,0.7050359712230215,1.040592908859253,400,139,3
DistalPhalanxOutlineAgeGroup,sharp_sdtw_div,7.0,0.7194244604316546,1.396168231964111,400,139,3
DistalPhalanxOutlineAgeGroup,sdtw_div,10.0,0.697841726618705,1.039071798324585,400,139,3
DistalPhalanxOutlineAgeGroup,sharp_sdtw_div,10.0,0.7194244604316546,1.3748564720153809,400,139,3
DistalPhalanxOutlineCorrect,sdtw_div,0.5,0.5760869565217391,7.436249017715454,600,276,2
DistalPhalanxOutlineCorrect,sharp_sdtw_div,0.5,0.5217391304347826,10.176974296569824,600,276,2
DistalPhalanxOutlineCorrect,sdtw_div,1.0,0.6594202898550725,5.254478693008423,600,276,2
DistalPhalanxOutlineCorrect,sharp_sdtw_div,1.0,0.5797101449275363,10.341431617736816,600,276,2
DistalPhalanxOutlineCorrect,sdtw_div,3.0,0.644927536231884,1.827850103378296,600,276,2
DistalPhalanxOutlineCorrect,sharp_sdtw_div,3.0,0.644927536231884,5.029811859130859,600,276,2
DistalPhalanxOutlineCorrect,sdtw_div,5.0,0.6413043478260869,1.822256088256836,600,276,2
DistalPhalanxOutlineCorrect,sharp_sdtw_div,5.0,0.644927536231884,2.8676013946533203,600,276,2
DistalPhalanxOutlineCorrect,sdtw_div,7.0,0.644927536231884,1.61891770362854,600,276,2
DistalPhalanxOutlineCorrect,sharp_sdtw_div,7.0,0.644927536231884,2.6979124546051025,600,276,2
DistalPhalanxOutlineCorrect,sdtw_div,10.0,0.644927536231884,1.6165807247161863,600,276,2
DistalPhalanxOutlineCorrect,sharp_sdtw_div,10.0,0.6340579710144928,2.425581693649292,600,276,2
DistalPhalanxTW,sdtw_div,0.5,0.60431654676259,1.4481632709503174,400,139,6
DistalPhalanxTW,sharp_sdtw_div,0.5,0.6115107913669064,2.7448322772979736,400,139,6
DistalPhalanxTW,sdtw_div,1.0,0.60431654676259,1.3922975063323977,400,139,6
DistalPhalanxTW,sharp_sdtw_div,1.0,0.6187050359712231,1.996351957321167,400,139,6
DistalPhalanxTW,sdtw_div,3.0,0.6258992805755396,1.27349591255188,400,139,6
DistalPhalanxTW,sharp_sdtw_div,3.0,0.5971223021582733,1.7269797325134275,400,139,6
DistalPhalanxTW,sdtw_div,5.0,0.6187050359712231,1.2646498680114746,400,139,6
DistalPhalanxTW,sharp_sdtw_div,5.0,0.6115107913669064,1.6423442363739014,400,139,6
DistalPhalanxTW,sdtw_div,7.0,0.6115107913669064,1.243685960769653,400,139,6
DistalPhalanxTW,sharp_sdtw_div,7.0,0.6187050359712231,1.632509708404541,400,139,6
DistalPhalanxTW,sdtw_div,10.0,0.5971223021582733,1.2400929927825928,400,139,6
DistalPhalanxTW,sharp_sdtw_div,10.0,0.6187050359712231,1.6204173564910889,400,139,6
WordSynonyms,sdtw_div,1.0,0.5219435736677116,128.75882053375244,267,638,25
Lightning2,sharp_sdtw_div,10.0,0.7540983606557377,225.9462189674377,60,61,2
CricketY,sdtw_div,10.0,0.4871794871794871,142.43550968170166,390,390,12
Lightning7,sdtw_div,0.5,0.8356164383561644,26.236111640930176,70,73,7
Lightning7,sharp_sdtw_div,0.5,0.7671232876712328,55.29371190071106,70,73,7
Lightning7,sdtw_div,1.0,0.7397260273972602,24.34225082397461,70,73,7
Lightning7,sharp_sdtw_div,1.0,0.5753424657534246,45.607829332351685,70,73,7
WordSynonyms,sharp_sdtw_div,1.0,0.5219435736677116,179.8795747756958,267,638,25
Lightning7,sdtw_div,3.0,0.6712328767123288,24.166887998580933,70,73,7
Lightning7,sharp_sdtw_div,3.0,0.6164383561643836,37.90818476676941,70,73,7
Lightning7,sdtw_div,5.0,0.6986301369863014,24.789613485336304,70,73,7
Lightning7,sharp_sdtw_div,5.0,0.6575342465753424,42.09570050239563,70,73,7
WordSynonyms,sdtw_div,3.0,0.5109717868338558,118.62544393539427,267,638,25
CricketY,sharp_sdtw_div,10.0,0.4769230769230769,293.041953086853,390,390,12
Lightning7,sdtw_div,7.0,0.684931506849315,27.011977910995483,70,73,7
Lightning7,sharp_sdtw_div,7.0,0.6712328767123288,43.703673362731934,70,73,7
Lightning7,sdtw_div,10.0,0.7123287671232876,24.833112001419067,70,73,7
Lightning7,sharp_sdtw_div,10.0,0.726027397260274,46.62814950942993,70,73,7
WordSynonyms,sharp_sdtw_div,3.0,0.5250783699059561,180.91744184494016,267,638,25
Earthquakes,sdtw_div,0.5,0.5539568345323741,220.48809099197388,322,139,2
WordSynonyms,sdtw_div,5.0,0.4905956112852664,113.6688883304596,267,638,25
WordSynonyms,sharp_sdtw_div,3.0,0.5250783699059561,271.8189928531647,267,638,25
WordSynonyms,sharp_sdtw_div,5.0,0.5188087774294671,184.2747931480408,267,638,25
WordSynonyms,sdtw_div,7.0,0.463949843260188,108.1302182674408,267,638,25
Earthquakes,sharp_sdtw_div,0.5,0.5251798561151079,427.3094322681427,322,139,2
WordSynonyms,sharp_sdtw_div,5.0,0.5188087774294671,277.2851936817169,267,638,25
WordSynonyms,sharp_sdtw_div,7.0,0.5329153605015674,156.08485460281372,267,638,25
WordSynonyms,sdtw_div,10.0,0.4420062695924764,103.29673719406128,267,638,25
Earthquakes,sdtw_div,1.0,0.5539568345323741,252.0521869659424,322,139,2
WordSynonyms,sharp_sdtw_div,7.0,0.5329153605015674,232.5910308361053,267,638,25
WordSynonyms,sharp_sdtw_div,10.0,0.5094043887147336,151.61911869049072,267,638,25
BME,sdtw_div,0.5,0.64,1.5607683658599854,30,150,3
BME,sharp_sdtw_div,0.5,0.7866666666666666,3.55644154548645,30,150,3
BME,sdtw_div,1.0,0.64,1.5528130531311035,30,150,3
BME,sharp_sdtw_div,1.0,0.64,2.8217244148254395,30,150,3
BME,sdtw_div,3.0,0.64,0.8891222476959229,30,150,3
BME,sharp_sdtw_div,3.0,0.6266666666666667,1.7976727485656738,30,150,3
BME,sdtw_div,5.0,0.64,0.8347337245941162,30,150,3
BME,sharp_sdtw_div,5.0,0.6266666666666667,1.1989531517028809,30,150,3
BME,sdtw_div,7.0,0.64,0.7277235984802246,30,150,3
BME,sharp_sdtw_div,7.0,0.6333333333333333,1.1608164310455322,30,150,3
BME,sdtw_div,10.0,0.64,0.7140312194824219,30,150,3
BME,sharp_sdtw_div,10.0,0.64,1.049429178237915,30,150,3
FreezerRegularTrain,sdtw_div,0.5,0.7652631578947369,91.4303994178772,150,2850,2
WordSynonyms,sharp_sdtw_div,10.0,0.5094043887147336,225.45853424072263,267,638,25
FreezerRegularTrain,sharp_sdtw_div,0.5,0.7642105263157895,153.12218689918518,150,2850,2
FreezerRegularTrain,sdtw_div,1.0,0.7656140350877193,55.988816022872925,150,2850,2
FreezerRegularTrain,sharp_sdtw_div,1.0,0.7684210526315789,175.01244401931763,150,2850,2
Earthquakes,sharp_sdtw_div,1.0,0.5611510791366906,595.3326904773712,322,139,2
FreezerRegularTrain,sdtw_div,3.0,0.7659649122807017,49.49464964866638,150,2850,2
FreezerRegularTrain,sharp_sdtw_div,3.0,0.7712280701754386,144.80892610549927,150,2850,2
FreezerRegularTrain,sdtw_div,5.0,0.767719298245614,43.32693600654602,150,2850,2
FreezerRegularTrain,sharp_sdtw_div,5.0,0.7680701754385965,63.260401010513306,150,2850,2
FreezerRegularTrain,sdtw_div,7.0,0.7680701754385965,42.25744819641113,150,2850,2
FreezerRegularTrain,sharp_sdtw_div,7.0,0.7652631578947369,53.75736403465271,150,2850,2
FreezerRegularTrain,sdtw_div,10.0,0.767719298245614,42.22599482536316,150,2850,2
FreezerRegularTrain,sharp_sdtw_div,10.0,0.7663157894736842,50.60847187042236,150,2850,2
Chinatown,sharp_sdtw_div,1.0,0.8833819241982507,0.0785596370697021,20,343,2
Earthquakes,sdtw_div,7.0,0.6834532374100719,503.80589962005615,322,139,2
Earthquakes,sharp_sdtw_div,7.0,0.7338129496402878,888.4846420288086,322,139,2
Earthquakes,sdtw_div,3.0,0.6618705035971223,348.7953872680664,322,139,2
Earthquakes,sdtw_div,10.0,0.6115107913669064,402.335725069046,322,139,2
Earthquakes,sharp_sdtw_div,3.0,0.5611510791366906,658.1573214530945,322,139,2
Earthquakes,sharp_sdtw_div,10.0,0.6834532374100719,833.9372627735138,322,139,2
Earthquakes,sdtw_div,5.0,0.7194244604316546,402.9757356643677,322,139,2
Earthquakes,sharp_sdtw_div,5.0,0.5899280575539568,751.0219211578369,322,139,2
