dataset,method,accuracy,runtime_s,train_size,test_size,n_classes
Adiac,euclidean,0.5498721227621484,0.0705049037933349,390,391,37
Adiac,sdtw,0.639386189258312,16.210004329681396,390,391,37
Adiac,sdtw_div,0.6726342710997443,49.08092999458313,390,391,37
Adiac,sharp_sdtw,0.6675191815856778,20.199450254440308,390,391,37
Adiac,sharp_sdtw_div,0.6726342710997443,59.955004930496216,390,391,37
Adiac,mean_cost,0.4424552429667519,5.818408727645874,390,391,37
Adiac,mean_cost_div,0.4654731457800511,15.252431631088257,390,391,37
Adiac,dtw_approx,0.6751918158567775,15.204959392547607,390,391,37
ArrowHead,euclidean,0.6114285714285714,0.0028746128082275,36,175,3
ArrowHead,sdtw,0.6,1.3170828819274902,36,175,3
ArrowHead,sdtw_div,0.6,4.831402540206909,36,175,3
ArrowHead,sharp_sdtw,0.6057142857142858,2.7352585792541504,36,175,3
ArrowHead,sharp_sdtw_div,0.6114285714285714,17.33526372909546,36,175,3
ArrowHead,mean_cost,0.5885714285714285,0.4812178611755371,36,175,3
ArrowHead,mean_cost_div,0.5942857142857143,1.178802490234375,36,175,3
ArrowHead,dtw_approx,0.6971428571428572,1.4739444255828855,36,175,3
Beef,euclidean,0.5333333333333333,0.0010161399841308,30,30,5
Beef,sdtw,0.5333333333333333,2.1050195693969727,30,30,5
Beef,sdtw_div,0.5,13.133825540542604,30,30,5
Beef,sharp_sdtw,0.4666666666666667,13.053408861160278,30,30,5
Beef,sharp_sdtw_div,0.4666666666666667,66.8766074180603,30,30,5
Beef,mean_cost,0.0,4.788535118103027,30,30,5
Beef,mean_cost_div,0.0,14.126906633377075,30,30,5
Beef,dtw_approx,0.5666666666666667,3.842051982879639,30,30,5
BeetleFly,euclidean,0.85,0.0005326271057128,20,20,2
BeetleFly,sdtw,0.7,2.72776746749878,20,20,2
BeetleFly,sdtw_div,0.75,26.25213408470153,20,20,2
BeetleFly,sharp_sdtw,0.65,7.08190393447876,20,20,2
BeetleFly,sharp_sdtw_div,0.75,55.64426231384277,20,20,2
BeetleFly,mean_cost,0.0,4.463436603546143,20,20,2
BeetleFly,mean_cost_div,0.0,11.131826639175417,20,20,2
BeetleFly,dtw_approx,0.7,4.486751794815064,20,20,2
BirdChicken,euclidean,0.55,0.0004606246948242,20,20,2
BirdChicken,sdtw,0.55,1.4632251262664795,20,20,2
BirdChicken,sdtw_div,0.6,26.015415906906128,20,20,2
BirdChicken,sharp_sdtw,0.65,7.803038358688354,20,20,2
BirdChicken,sharp_sdtw_div,0.6,77.61374807357788,20,20,2
BirdChicken,mean_cost,0.0,4.472444772720337,20,20,2
BirdChicken,mean_cost_div,0.0,11.569386959075928,20,20,2
BirdChicken,dtw_approx,0.65,3.99530029296875,20,20,2
Car,euclidean,0.6166666666666667,0.0017437934875488,60,60,4
Car,sdtw,0.7,5.235135316848755,60,60,4
Car,sdtw_div,0.7333333333333333,25.430633306503296,60,60,4
Car,sharp_sdtw,0.6833333333333333,16.1181583404541,60,60,4
Car,sharp_sdtw_div,0.7,114.44697761535645,60,60,4
Car,mean_cost,0.0,16.13785219192505,60,60,4
Car,mean_cost_div,0.0,56.30416226387024,60,60,4
Car,dtw_approx,0.6666666666666666,5.92147159576416,60,60,4
CBF,euclidean,0.7633333333333333,0.0121457576751708,30,900,3
CBF,sdtw,0.9488888888888888,1.6938998699188232,30,900,3
CBF,sdtw_div,0.9488888888888888,6.125558137893677,30,900,3
CBF,sharp_sdtw,0.9555555555555556,2.0396764278411865,30,900,3
CBF,sharp_sdtw_div,0.9555555555555556,7.72492790222168,30,900,3
CBF,mean_cost,0.73,0.5522863864898682,30,900,3
CBF,mean_cost_div,0.7444444444444445,1.5205650329589844,30,900,3
CBF,dtw_approx,0.9511111111111112,2.1061723232269287,30,900,3
ChlorineConcentration,euclidean,0.3330729166666666,0.056269884109497,467,3840,3
ChlorineConcentration,sdtw,0.3192708333333333,12.684712886810305,467,3840,3
ChlorineConcentration,sdtw_div,0.3177083333333333,52.070343017578125,467,3840,3
ChlorineConcentration,sharp_sdtw,0.32265625,17.623777151107788,467,3840,3
ChlorineConcentration,sharp_sdtw_div,0.32109375,81.46968293190002,467,3840,3
ChlorineConcentration,mean_cost,0.3481770833333333,4.27194356918335,467,3840,3
ChlorineConcentration,mean_cost_div,0.3494791666666667,11.098143100738524,467,3840,3
ChlorineConcentration,dtw_approx,0.3161458333333333,17.603198051452637,467,3840,3
Coffee,euclidean,0.9642857142857144,0.0005064010620117,28,28,2
Coffee,sdtw,0.9285714285714286,0.4325954914093017,28,28,2
Coffee,sdtw_div,0.9285714285714286,1.409013032913208,28,28,2
Coffee,sharp_sdtw,0.9642857142857144,0.7741305828094482,28,28,2
Coffee,sharp_sdtw_div,0.9285714285714286,2.298994541168213,28,28,2
Coffee,mean_cost,0.8928571428571429,0.3702034950256347,28,28,2
Coffee,mean_cost_div,0.8928571428571429,0.2562673091888428,28,28,2
Coffee,dtw_approx,0.9642857142857144,0.511925458908081,28,28,2
CricketX,euclidean,0.2384615384615384,0.024507999420166,390,390,12
CricketX,sdtw,0.5025641025641026,27.0630476474762,390,390,12
CricketX,sdtw_div,0.5051282051282051,162.85091018676758,390,390,12
CricketX,sharp_sdtw,0.5384615384615384,54.3379328250885,390,390,12
CricketX,sharp_sdtw_div,0.5230769230769231,269.8317306041717,390,390,12
CricketX,mean_cost,0.2564102564102564,6.398298263549805,390,390,12
CricketX,mean_cost_div,0.2615384615384615,15.101818323135376,390,390,12
CricketX,dtw_approx,0.5743589743589743,63.36355805397034,390,390,12
CricketY,euclidean,0.3487179487179487,0.0239260196685791,390,390,12
CricketY,sdtw,0.5076923076923077,25.82789921760559,390,390,12
CricketY,sdtw_div,0.5512820512820513,165.1473400592804,390,390,12
CricketY,sharp_sdtw,0.5435897435897435,55.60327100753784,390,390,12
CricketY,sharp_sdtw_div,0.5384615384615384,262.723961353302,390,390,12
CricketY,mean_cost,0.3358974358974358,6.268043041229248,390,390,12
CricketY,mean_cost_div,0.3358974358974358,15.04398274421692,390,390,12
CricketY,dtw_approx,0.5871794871794872,55.36336636543274,390,390,12
CricketZ,euclidean,0.3051282051282051,0.0236856937408447,390,390,12
CricketZ,sdtw,0.5461538461538461,25.775078296661377,390,390,12
CricketZ,sdtw_div,0.5615384615384615,161.4263458251953,390,390,12
CricketZ,sharp_sdtw,0.541025641025641,57.98486280441284,390,390,12
CricketZ,sharp_sdtw_div,0.5333333333333333,264.11944341659546,390,390,12
CricketZ,mean_cost,0.3025641025641025,6.281818151473999,390,390,12
CricketZ,mean_cost_div,0.3025641025641025,15.096996784210203,390,390,12
CricketZ,dtw_approx,0.6102564102564103,62.37478065490723,390,390,12
DiatomSizeReduction,euclidean,0.9575163398692812,0.0063729286193847,16,306,4
DiatomSizeReduction,sdtw,0.9117647058823528,4.921147108078003,16,306,4
DiatomSizeReduction,sdtw_div,0.915032679738562,14.896851301193236,16,306,4
DiatomSizeReduction,sharp_sdtw,0.8431372549019608,5.98147177696228,16,306,4
DiatomSizeReduction,sharp_sdtw_div,0.8464052287581699,17.713958501815796,16,306,4
DiatomSizeReduction,mean_cost,0.9444444444444444,1.681673526763916,16,306,4
DiatomSizeReduction,mean_cost_div,0.954248366013072,4.7442686557769775,16,306,4
DiatomSizeReduction,dtw_approx,0.8464052287581699,4.602226257324219,16,306,4
DistalPhalanxOutlineAgeGroup,euclidean,0.697841726618705,0.0025253295898437,400,139,3
DistalPhalanxOutlineAgeGroup,sdtw,0.7122302158273381,0.4996485710144043,400,139,3
DistalPhalanxOutlineAgeGroup,sdtw_div,0.7194244604316546,3.3910157680511475,400,139,3
DistalPhalanxOutlineAgeGroup,sharp_sdtw,0.697841726618705,0.7605941295623779,400,139,3
DistalPhalanxOutlineAgeGroup,sharp_sdtw_div,0.7050359712230215,7.633066892623901,400,139,3
DistalPhalanxOutlineAgeGroup,mean_cost,0.6546762589928058,0.1893186569213867,400,139,3
DistalPhalanxOutlineAgeGroup,mean_cost_div,0.6834532374100719,0.2323837280273437,400,139,3
DistalPhalanxOutlineAgeGroup,dtw_approx,0.7050359712230215,0.6783895492553711,400,139,3
DistalPhalanxOutlineCorrect,euclidean,0.6884057971014492,0.0035734176635742,600,276,2
DistalPhalanxOutlineCorrect,sdtw,0.4130434782608695,0.5800518989562988,600,276,2
DistalPhalanxOutlineCorrect,sdtw_div,0.6594202898550725,7.905214548110962,600,276,2
DistalPhalanxOutlineCorrect,sharp_sdtw,0.5398550724637681,1.4233839511871338,600,276,2
DistalPhalanxOutlineCorrect,sharp_sdtw_div,0.5797101449275363,16.876258611679077,600,276,2
DistalPhalanxOutlineCorrect,mean_cost,0.6340579710144928,0.2764930725097656,600,276,2
DistalPhalanxOutlineCorrect,mean_cost_div,0.6702898550724637,0.3290810585021972,600,276,2
DistalPhalanxOutlineCorrect,dtw_approx,0.4746376811594203,0.7897186279296875,600,276,2
DistalPhalanxTW,euclidean,0.5755395683453237,0.0043058395385742,400,139,6
DistalPhalanxTW,sdtw,0.5755395683453237,0.4682679176330566,400,139,6
DistalPhalanxTW,sdtw_div,0.60431654676259,2.0986034870147705,400,139,6
DistalPhalanxTW,sharp_sdtw,0.5755395683453237,0.8733317852020264,400,139,6
DistalPhalanxTW,sharp_sdtw_div,0.6187050359712231,3.2332651615142822,400,139,6
DistalPhalanxTW,mean_cost,0.5971223021582733,0.2364115715026855,400,139,6
DistalPhalanxTW,mean_cost_div,0.5827338129496403,0.329118013381958,400,139,6
DistalPhalanxTW,dtw_approx,0.6258992805755396,0.6423115730285645,400,139,6
Earthquakes,euclidean,0.6834532374100719,0.0024445056915283,322,139,2
Earthquakes,sdtw,0.4316546762589928,29.51381826400757,322,139,2
Earthquakes,sdtw_div,0.5539568345323741,283.868613243103,322,139,2
Earthquakes,sharp_sdtw,0.4172661870503597,100.87591099739076,322,139,2
Earthquakes,sharp_sdtw_div,0.5611510791366906,576.1731848716736,322,139,2
Earthquakes,mean_cost,0.0,59.75506544113159,322,139,2
Earthquakes,mean_cost_div,0.0,179.08486461639404,322,139,2
Earthquakes,dtw_approx,0.5611510791366906,97.72377824783324,322,139,2
ECG200,euclidean,0.75,0.0013117790222167,100,100,2
ECG200,sdtw,0.72,0.208547830581665,100,100,2
ECG200,sdtw_div,0.73,1.9214115142822263,100,100,2
ECG200,sharp_sdtw,0.69,0.8900160789489746,100,100,2
ECG200,sharp_sdtw_div,0.73,5.77883243560791,100,100,2
ECG200,mean_cost,0.74,0.0782313346862793,100,100,2
ECG200,mean_cost_div,0.74,0.1152052879333496,100,100,2
ECG200,dtw_approx,0.73,0.4426949024200439,100,100,2
ECG5000,euclidean,0.8604444444444445,0.1107361316680908,500,4500,5
ECG5000,sdtw,0.8673333333333333,16.340575456619263,500,4500,5
ECG5000,sdtw_div,0.8597777777777778,76.28914618492126,500,4500,5
ECG5000,sharp_sdtw,0.868,24.47428297996521,500,4500,5
ECG5000,sharp_sdtw_div,0.8484444444444444,120.94844317436218,500,4500,5
ECG5000,mean_cost,0.8144444444444444,5.789924383163452,500,4500,5
ECG5000,mean_cost_div,0.8364444444444444,15.44813084602356,500,4500,5
ECG5000,dtw_approx,0.8406666666666667,18.47002339363098,500,4500,5
ECGFiveDays,euclidean,0.6898954703832753,0.0088098049163818,23,861,2
ECGFiveDays,sdtw,0.7166085946573751,1.208653450012207,23,861,2
ECGFiveDays,sdtw_div,0.7363530778164924,4.286681413650513,23,861,2
ECGFiveDays,sharp_sdtw,0.7154471544715447,1.6114652156829834,23,861,2
ECGFiveDays,sharp_sdtw_div,0.7886178861788617,5.9199090003967285,23,861,2
ECGFiveDays,mean_cost,0.7955865272938444,0.4037940502166748,23,861,2
ECGFiveDays,mean_cost_div,0.8025551684088269,1.1008825302124023,23,861,2
ECGFiveDays,dtw_approx,0.735191637630662,1.3177502155303955,23,861,2
ElectricDevices,euclidean,0.4826870704188821,0.2502617835998535,8926,7711,7
ElectricDevices,sdtw,0.4898197380365711,51.64090943336487,8926,7711,7
FaceAll,euclidean,0.4917159763313609,0.1120102405548095,560,1690,14
FaceAll,sdtw,0.8159763313609467,16.457001447677612,560,1690,14
FaceAll,sdtw_div,0.8869822485207101,67.99367237091064,560,1690,14
FaceAll,sharp_sdtw,0.8597633136094674,22.647687911987305,560,1690,14
FaceAll,sharp_sdtw_div,0.8928994082840237,97.59201836586,560,1690,14
FaceAll,mean_cost,0.5887573964497042,5.306967496871948,560,1690,14
FaceAll,mean_cost_div,0.6455621301775148,14.118896961212158,560,1690,14
FaceAll,dtw_approx,0.8461538461538461,23.805925846099854,560,1690,14
FaceFour,euclidean,0.8409090909090909,0.0020921230316162,24,88,4
FaceFour,sdtw,0.8636363636363636,2.038327693939209,24,88,4
FaceFour,sdtw_div,0.8977272727272727,11.218168497085571,24,88,4
FaceFour,sharp_sdtw,0.8863636363636364,3.942984342575073,24,88,4
FaceFour,sharp_sdtw_div,0.8977272727272727,23.91427230834961,24,88,4
FaceFour,mean_cost,0.7840909090909091,0.6225924491882324,24,88,4
FaceFour,mean_cost_div,0.7727272727272727,1.507417917251587,24,88,4
FaceFour,dtw_approx,0.8863636363636364,3.16079044342041,24,88,4
FacesUCR,euclidean,0.5395121951219513,0.1311118602752685,200,2050,14
FacesUCR,sdtw,0.8897560975609756,17.902273893356323,200,2050,14
FacesUCR,sdtw_div,0.9107317073170732,60.7958345413208,200,2050,14
FacesUCR,sharp_sdtw,0.9078048780487804,22.10494875907898,200,2050,14
FacesUCR,sharp_sdtw_div,0.9190243902439024,74.173748254776,200,2050,14
FacesUCR,mean_cost,0.5736585365853658,6.036831378936768,200,2050,14
FacesUCR,mean_cost_div,0.5946341463414634,16.782491207122803,200,2050,14
FacesUCR,dtw_approx,0.8765853658536585,20.53851819038391,200,2050,14
FiftyWords,euclidean,0.5164835164835165,0.112293004989624,450,455,50
FiftyWords,sdtw,0.7626373626373626,62.565592527389526,450,455,50
Fish,euclidean,0.56,0.0073382854461669,175,175,7
Fish,sdtw,0.8114285714285714,12.420238256454468,175,175,7
Fish,sdtw_div,0.84,46.29763698577881,175,175,7
Fish,sharp_sdtw,0.8114285714285714,21.33295178413391,175,175,7
Fish,sharp_sdtw_div,0.8285714285714286,76.03901886940002,175,175,7
Fish,mean_cost,0.0,28.690916061401367,175,175,7
Fish,mean_cost_div,0.0,83.85318565368652,175,175,7
Fish,dtw_approx,0.8057142857142857,12.78394079208374,175,175,7
FordA,euclidean,0.503030303030303,0.0226013660430908,3601,1320,2
FordA,sdtw,0.5363636363636364,388.7750952243805,3601,1320,2
FordB,euclidean,0.5037037037037037,0.0158112049102783,3636,810,2
FordB,sdtw,0.5691358024691358,467.10371232032776,3636,810,2
GunPoint,euclidean,0.7533333333333333,0.0017266273498535,50,150,2
GunPoint,sdtw,0.6066666666666667,0.4050791263580322,50,150,2
GunPoint,sdtw_div,0.62,1.3273730278015137,50,150,2
GunPoint,sharp_sdtw,0.6866666666666666,0.7117669582366943,50,150,2
GunPoint,sharp_sdtw_div,0.6866666666666666,6.451013803482056,50,150,2
GunPoint,mean_cost,0.6866666666666666,0.1358873844146728,50,150,2
GunPoint,mean_cost_div,0.7133333333333334,0.2777254581451416,50,150,2
GunPoint,dtw_approx,0.68,0.660485029220581,50,150,2
Ham,euclidean,0.7619047619047619,0.0014545917510986,109,105,2
Ham,sdtw,0.7142857142857143,4.079052686691284,109,105,2
Ham,sdtw_div,0.7523809523809524,55.5858473777771,109,105,2
Ham,sharp_sdtw,0.7904761904761904,19.3110671043396,109,105,2
Ham,sharp_sdtw_div,0.7428571428571429,167.67491602897644,109,105,2
Ham,mean_cost,0.0,13.48742651939392,109,105,2
Ham,mean_cost_div,0.0,39.89949584007263,109,105,2
Ham,dtw_approx,0.7333333333333333,10.26357388496399,109,105,2
HandOutlines,euclidean,0.8189189189189189,0.0101628303527832,1000,370,2
HandOutlines,sdtw,0.7378378378378379,1354.5622794628143,1000,370,2
Haptics,euclidean,0.3928571428571428,0.0105848312377929,155,308,5
Haptics,sdtw,0.461038961038961,121.36944556236269,155,308,5
Herring,euclidean,0.546875,0.0011289119720458,64,64,2
Herring,sdtw,0.640625,2.564603090286255,64,64,2
Herring,sdtw_div,0.625,14.128146648406982,64,64,2
Herring,sharp_sdtw,0.625,7.39743447303772,64,64,2
Herring,sharp_sdtw_div,0.625,31.29998469352722,64,64,2
Herring,mean_cost,0.0,11.763699531555176,64,64,2
Herring,mean_cost_div,0.0,36.32686901092529,64,64,2
Herring,dtw_approx,0.640625,3.2645952701568604,64,64,2
InlineSkate,euclidean,0.1927272727272727,0.0278065204620361,100,550,7
InlineSkate,sdtw,0.2345454545454545,636.7175943851471,100,550,7
ItalyPowerDemand,euclidean,0.9183673469387756,0.0101065635681152,67,1029,2
ItalyPowerDemand,sdtw,0.8814382896015549,0.0983679294586181,67,1029,2
ItalyPowerDemand,sdtw_div,0.9047619047619048,0.3296401500701904,67,1029,2
ItalyPowerDemand,sharp_sdtw,0.8561710398445093,0.1202287673950195,67,1029,2
ItalyPowerDemand,sharp_sdtw_div,0.8736637512147716,0.4358580112457275,67,1029,2
ItalyPowerDemand,mean_cost,0.7162293488824101,0.0612595081329345,67,1029,2
ItalyPowerDemand,mean_cost_div,0.8435374149659864,0.1088755130767822,67,1029,2
ItalyPowerDemand,dtw_approx,0.8134110787172012,0.1254229545593261,67,1029,2
LargeKitchenAppliances,euclidean,0.44,0.0080029964447021,375,375,3
LargeKitchenAppliances,sdtw,0.5893333333333334,150.4905617237091,375,375,3
Lightning2,euclidean,0.6885245901639344,0.0012049674987792,60,61,2
Lightning2,sdtw,0.5901639344262295,9.393901824951172,60,61,2
Lightning2,sdtw_div,0.6557377049180327,92.66994142532349,60,61,2
Lightning2,sharp_sdtw,0.639344262295082,64.98854088783264,60,61,2
Lightning2,sharp_sdtw_div,0.639344262295082,201.3014097213745,60,61,2
Lightning2,mean_cost,0.0,24.41451621055603,60,61,2
Lightning2,mean_cost_div,0.0,67.23207235336304,60,61,2
Lightning2,dtw_approx,0.639344262295082,25.53064203262329,60,61,2
Lightning7,euclidean,0.589041095890411,0.0030570030212402,70,73,7
Lightning7,sdtw,0.726027397260274,3.677748680114746,70,73,7
Lightning7,sdtw_div,0.7397260273972602,23.822332620620728,70,73,7
Lightning7,sharp_sdtw,0.5616438356164384,9.718328475952148,70,73,7
Lightning7,sharp_sdtw_div,0.5753424657534246,44.34959530830383,70,73,7
Lightning7,mean_cost,0.6164383561643836,0.9160425662994384,70,73,7
Lightning7,mean_cost_div,0.6301369863013698,2.027299404144287,70,73,7
Lightning7,dtw_approx,0.7808219178082192,6.753060817718506,70,73,7
Mallat,euclidean,0.9667377398720682,0.1177213191986084,55,2345,8
Meat,euclidean,0.9333333333333332,0.0012545585632324,60,60,3
Meat,sdtw,0.8166666666666667,2.482213020324707,60,60,3
Meat,sdtw_div,0.8833333333333333,9.119237184524536,60,60,3
Meat,sharp_sdtw,0.8833333333333333,5.890805244445801,60,60,3
Meat,sharp_sdtw_div,0.8833333333333333,14.70985722541809,60,60,3
Meat,mean_cost,0.0,8.78390645980835,60,60,3
Meat,mean_cost_div,0.0,34.37156653404236,60,60,3
Meat,dtw_approx,0.8833333333333333,3.4887163639068604,60,60,3
MedicalImages,euclidean,0.3855263157894736,0.0343983173370361,381,760,10
MedicalImages,sdtw,0.3802631578947368,3.296581506729126,381,760,10
MedicalImages,sdtw_div,0.4289473684210526,21.334177255630493,381,760,10
MedicalImages,sharp_sdtw,0.3894736842105263,5.870662450790405,381,760,10
MedicalImages,sharp_sdtw_div,0.4,31.471827030181885,381,760,10
MedicalImages,mean_cost,0.3210526315789473,1.1826794147491455,381,760,10
MedicalImages,mean_cost_div,0.3355263157894737,2.843015432357788,381,760,10
MedicalImages,dtw_approx,0.4039473684210526,5.222382068634033,381,760,10
MiddlePhalanxOutlineAgeGroup,euclidean,0.5714285714285714,0.0028643608093261,400,154,3
MiddlePhalanxOutlineAgeGroup,sdtw,0.6103896103896104,0.3830263614654541,400,154,3
MiddlePhalanxOutlineAgeGroup,sdtw_div,0.6103896103896104,1.5976712703704834,400,154,3
MiddlePhalanxOutlineAgeGroup,sharp_sdtw,0.6038961038961039,0.8036112785339355,400,154,3
MiddlePhalanxOutlineAgeGroup,sharp_sdtw_div,0.6038961038961039,3.07304048538208,400,154,3
MiddlePhalanxOutlineAgeGroup,mean_cost,0.5844155844155844,0.2017285823822021,400,154,3
MiddlePhalanxOutlineAgeGroup,mean_cost_div,0.577922077922078,0.2489233016967773,400,154,3
MiddlePhalanxOutlineAgeGroup,dtw_approx,0.6038961038961039,0.5684764385223389,400,154,3
MiddlePhalanxOutlineCorrect,euclidean,0.4776632302405498,0.0037348270416259,600,291,2
MiddlePhalanxOutlineCorrect,sdtw,0.4192439862542955,0.599522590637207,600,291,2
MiddlePhalanxOutlineCorrect,sdtw_div,0.5910652920962199,3.076799392700196,600,291,2
MiddlePhalanxOutlineCorrect,sharp_sdtw,0.6082474226804123,1.1928958892822266,600,291,2
MiddlePhalanxOutlineCorrect,sharp_sdtw_div,0.6116838487972509,8.961716175079346,600,291,2
MiddlePhalanxOutlineCorrect,mean_cost,0.4879725085910653,0.2914016246795654,600,291,2
MiddlePhalanxOutlineCorrect,mean_cost_div,0.4742268041237113,0.3483943939208984,600,291,2
MiddlePhalanxOutlineCorrect,dtw_approx,0.5326460481099656,0.8247678279876709,600,291,2
MiddlePhalanxTW,euclidean,0.4415584415584415,0.0049798488616943,399,154,6
MiddlePhalanxTW,sdtw,0.4025974025974026,0.508882999420166,399,154,6
MiddlePhalanxTW,sdtw_div,0.4415584415584415,1.981971979141236,399,154,6
MiddlePhalanxTW,sharp_sdtw,0.435064935064935,0.929487943649292,399,154,6
MiddlePhalanxTW,sharp_sdtw_div,0.4415584415584415,3.1490020751953125,399,154,6
MiddlePhalanxTW,mean_cost,0.448051948051948,0.2449798583984375,399,154,6
MiddlePhalanxTW,mean_cost_div,0.4545454545454545,0.3742039203643799,399,154,6
MiddlePhalanxTW,dtw_approx,0.4545454545454545,0.6740326881408691,399,154,6
MoteStrain,euclidean,0.8610223642172524,0.0124263763427734,20,1252,2
MoteStrain,sdtw,0.9041533546325878,0.6752548217773438,20,1252,2
MoteStrain,sdtw_div,0.9017571884984026,2.2632100582122803,20,1252,2
MoteStrain,sharp_sdtw,0.8218849840255591,0.8212494850158691,20,1252,2
MoteStrain,sharp_sdtw_div,0.8889776357827476,2.856794595718384,20,1252,2
MoteStrain,mean_cost,0.8298722044728435,0.2532367706298828,20,1252,2
MoteStrain,mean_cost_div,0.8386581469648562,0.6563608646392822,20,1252,2
MoteStrain,dtw_approx,0.8274760383386581,0.7948858737945557,20,1252,2
NonInvasiveFetalECGThorax1,euclidean,0.7694656488549618,0.4911808967590332,1800,1965,42
NonInvasiveFetalECGThorax1,sdtw,0.7913486005089059,1680.9579102993011,1800,1965,42
NonInvasiveFetalECGThorax2,euclidean,0.8020356234096692,0.4828991889953613,1800,1965,42
NonInvasiveFetalECGThorax2,sdtw,0.8681933842239186,1683.6500725746157,1800,1965,42
OliveOil,euclidean,0.8666666666666667,0.0008959770202636,30,30,4
OliveOil,sdtw,0.8666666666666667,2.1908318996429443,30,30,4
OliveOil,sdtw_div,0.8666666666666667,8.060546398162842,30,30,4
OliveOil,sharp_sdtw,0.8666666666666667,5.061776399612427,30,30,4
OliveOil,sharp_sdtw_div,0.8666666666666667,13.556029796600342,30,30,4
OliveOil,mean_cost,0.0,7.03865647315979,30,30,4
OliveOil,mean_cost_div,0.0,21.197211742401123,30,30,4
OliveOil,dtw_approx,0.8333333333333334,2.7596094608306885,30,30,4
OSULeaf,euclidean,0.359504132231405,0.0080201625823974,200,242,6
OSULeaf,sdtw,0.5,21.203484773635864,200,242,6
OSULeaf,sdtw_div,0.5041322314049587,189.4722509384156,200,242,6
OSULeaf,sharp_sdtw,0.4628099173553719,58.00776600837708,200,242,6
OSULeaf,sharp_sdtw_div,0.4586776859504132,345.9576642513275,200,242,6
OSULeaf,mean_cost,0.0,26.146313905715942,200,242,6
OSULeaf,mean_cost_div,0.0,76.16925430297852,200,242,6
OSULeaf,dtw_approx,0.5247933884297521,34.692646741867065,200,242,6
PhalangesOutlinesCorrect,euclidean,0.6258741258741258,0.0100977420806884,1800,858,2
PhalangesOutlinesCorrect,sdtw,0.6247086247086248,2.4107542037963867,1800,858,2
PhalangesOutlinesCorrect,sdtw_div,0.62004662004662,9.603391885757446,1800,858,2
PhalangesOutlinesCorrect,sharp_sdtw,0.6118881118881119,3.4084343910217285,1800,858,2
PhalangesOutlinesCorrect,sharp_sdtw_div,0.6095571095571095,32.50879096984863,1800,858,2
PhalangesOutlinesCorrect,mean_cost,0.6142191142191142,0.8425366878509521,1800,858,2
PhalangesOutlinesCorrect,mean_cost_div,0.6247086247086248,1.0130934715270996,1800,858,2
PhalangesOutlinesCorrect,dtw_approx,0.6130536130536131,2.4216864109039307,1800,858,2
Phoneme,euclidean,0.0785864978902953,0.4524524211883545,214,1896,39
Phoneme,sdtw,0.1772151898734177,2934.0258083343506,214,1896,39
Plane,euclidean,0.961904761904762,0.003727912902832,105,105,7
Plane,sdtw,0.9904761904761904,0.7457675933837891,105,105,7
Plane,sdtw_div,1.0,3.66066575050354,105,105,7
Plane,sharp_sdtw,1.0,1.1761431694030762,105,105,7
Plane,sharp_sdtw_div,1.0,5.271399021148682,105,105,7
Plane,mean_cost,0.9523809523809524,0.2938032150268554,105,105,7
Plane,mean_cost_div,0.961904761904762,0.6185476779937744,105,105,7
Plane,dtw_approx,1.0,0.8576450347900391,105,105,7
ProximalPhalanxOutlineAgeGroup,euclidean,0.8195121951219512,0.0034799575805664,400,205,3
ProximalPhalanxOutlineAgeGroup,sdtw,0.8439024390243902,0.4367949962615967,400,205,3
ProximalPhalanxOutlineAgeGroup,sdtw_div,0.8439024390243902,1.7197422981262207,400,205,3
ProximalPhalanxOutlineAgeGroup,sharp_sdtw,0.8390243902439024,0.8457839488983154,400,205,3
ProximalPhalanxOutlineAgeGroup,sharp_sdtw_div,0.8390243902439024,2.861092567443848,400,205,3
ProximalPhalanxOutlineAgeGroup,mean_cost,0.8146341463414634,0.2160172462463379,400,205,3
ProximalPhalanxOutlineAgeGroup,mean_cost_div,0.8048780487804879,0.2952404022216797,400,205,3
ProximalPhalanxOutlineAgeGroup,dtw_approx,0.8439024390243902,0.6020152568817139,400,205,3
ProximalPhalanxOutlineCorrect,euclidean,0.6460481099656358,0.0036349296569824,600,291,2
ProximalPhalanxOutlineCorrect,sdtw,0.6494845360824743,0.5978927612304688,600,291,2
ProximalPhalanxOutlineCorrect,sdtw_div,0.6426116838487973,2.337873697280884,600,291,2
ProximalPhalanxOutlineCorrect,sharp_sdtw,0.6426116838487973,1.1826984882354736,600,291,2
ProximalPhalanxOutlineCorrect,sharp_sdtw_div,0.6426116838487973,4.816330194473267,600,291,2
ProximalPhalanxOutlineCorrect,mean_cost,0.6426116838487973,0.2924518585205078,600,291,2
ProximalPhalanxOutlineCorrect,mean_cost_div,0.6460481099656358,0.3496723175048828,600,291,2
ProximalPhalanxOutlineCorrect,dtw_approx,0.6426116838487973,0.829169750213623,600,291,2
ProximalPhalanxTW,euclidean,0.697560975609756,0.0061421394348144,400,205,6
ProximalPhalanxTW,sdtw,0.7121951219512195,0.5844447612762451,400,205,6
ProximalPhalanxTW,sdtw_div,0.7219512195121951,2.1671841144561768,400,205,6
ProximalPhalanxTW,sharp_sdtw,0.7219512195121951,1.0153310298919678,400,205,6
ProximalPhalanxTW,sharp_sdtw_div,0.7268292682926829,3.6501190662384033,400,205,6
ProximalPhalanxTW,mean_cost,0.7121951219512195,0.269275426864624,400,205,6
ProximalPhalanxTW,mean_cost_div,0.697560975609756,0.4327864646911621,400,205,6
ProximalPhalanxTW,dtw_approx,0.7219512195121951,0.7401707172393799,400,205,6
RefrigerationDevices,euclidean,0.3546666666666667,0.007601261138916,375,375,3
RefrigerationDevices,sdtw,0.5333333333333333,133.65082788467407,375,375,3
ScreenType,euclidean,0.4426666666666666,0.0072581768035888,375,375,3
ScreenType,sdtw,0.408,174.24977588653564,375,375,3
ShapeletSim,euclidean,0.5,0.0022599697113037,20,180,2
ShapeletSim,sdtw,0.7333333333333333,4.762677192687988,20,180,2
ShapeletSim,sdtw_div,0.7277777777777777,25.72784185409546,20,180,2
ShapeletSim,sharp_sdtw,0.6388888888888888,11.005904912948608,20,180,2
ShapeletSim,sharp_sdtw_div,0.6777777777777778,48.21523714065552,20,180,2
ShapeletSim,mean_cost,0.0,4.181664943695068,20,180,2
ShapeletSim,mean_cost_div,0.0,12.447634935379028,20,180,2
ShapeletSim,dtw_approx,0.6111111111111112,7.421107292175293,20,180,2
ShapesAll,euclidean,0.5133333333333333,0.2101802825927734,600,600,60
ShapesAll,sdtw,0.655,347.50854659080505,600,600,60
SmallKitchenAppliances,euclidean,0.4186666666666667,0.0079250335693359,375,375,3
SmallKitchenAppliances,sdtw,0.68,151.52476525306702,375,375,3
SonyAIBORobotSurface1,euclidean,0.8119800332778702,0.0061323642730712,20,601,2
SonyAIBORobotSurface1,sdtw,0.7903494176372712,0.2474007606506347,20,601,2
SonyAIBORobotSurface1,sdtw_div,0.8336106489184693,0.939976453781128,20,601,2
SonyAIBORobotSurface1,sharp_sdtw,0.7770382695507487,0.3028488159179687,20,601,2
SonyAIBORobotSurface1,sharp_sdtw_div,0.848585690515807,1.387751817703247,20,601,2
SonyAIBORobotSurface1,mean_cost,0.8069883527454242,0.2245485782623291,20,601,2
SonyAIBORobotSurface1,mean_cost_div,0.7870216306156406,0.2368266582489013,20,601,2
SonyAIBORobotSurface1,dtw_approx,0.8369384359400999,0.2818973064422607,20,601,2
SonyAIBORobotSurface2,euclidean,0.7932843651626443,0.0098028182983398,27,953,2
SonyAIBORobotSurface2,sdtw,0.7628541448058762,0.3586249351501465,27,953,2
SonyAIBORobotSurface2,sdtw_div,0.7670514165792235,1.2424464225769043,27,953,2
SonyAIBORobotSurface2,sharp_sdtw,0.8027282266526757,0.4875719547271728,27,953,2
SonyAIBORobotSurface2,sharp_sdtw_div,0.789087093389297,1.5797181129455566,27,953,2
SonyAIBORobotSurface2,mean_cost,0.7712486883525709,0.1350550651550293,27,953,2
SonyAIBORobotSurface2,mean_cost_div,0.7691500524658972,0.3310229778289795,27,953,2
SonyAIBORobotSurface2,dtw_approx,0.782791185729276,0.4834189414978027,27,953,2
SyntheticControl,euclidean,0.9166666666666666,0.0089349746704101,300,300,6
SyntheticControl,sdtw,0.9666666666666668,0.4985764026641845,300,300,6
SyntheticControl,sdtw_div,0.98,3.912168979644776,300,300,6
SyntheticControl,sharp_sdtw,0.9433333333333334,1.1071631908416748,300,300,6
SyntheticControl,sharp_sdtw_div,0.98,6.243565797805786,300,300,6
SyntheticControl,mean_cost,0.9033333333333332,0.3036131858825683,300,300,6
SyntheticControl,mean_cost_div,0.93,0.3289175033569336,300,300,6
SyntheticControl,dtw_approx,0.98,1.3182663917541504,300,300,6
StarLightCurves,euclidean,0.7616561437591064,0.1569216251373291,1000,8236,3
Strawberry,euclidean,0.5837837837837838,0.0054318904876708,613,370,2
Strawberry,sdtw,0.581081081081081,5.477725505828857,613,370,2
Strawberry,sdtw_div,0.581081081081081,35.84966683387756,613,370,2
Strawberry,sharp_sdtw,0.581081081081081,10.2974853515625,613,370,2
Strawberry,sharp_sdtw_div,0.581081081081081,145.0658609867096,613,370,2
Strawberry,mean_cost,0.572972972972973,2.322200059890747,613,370,2
Strawberry,mean_cost_div,0.581081081081081,3.0327811241149902,613,370,2
Strawberry,dtw_approx,0.581081081081081,7.59677267074585,613,370,2
SwedishLeaf,euclidean,0.7024,0.0504963397979736,500,625,15
SwedishLeaf,sdtw,0.7936,6.548370599746704,500,625,15
SwedishLeaf,sdtw_div,0.8304,29.511672019958496,500,625,15
SwedishLeaf,sharp_sdtw,0.7616,9.526317119598389,500,625,15
SwedishLeaf,sharp_sdtw_div,0.8,43.012632608413696,500,625,15
SwedishLeaf,mean_cost,0.7136,2.3738129138946533,500,625,15
SwedishLeaf,mean_cost_div,0.7152,5.77919864654541,500,625,15
SwedishLeaf,dtw_approx,0.7776,7.776293992996216,500,625,15
Symbols,euclidean,0.864321608040201,0.0356006622314453,25,995,6
Symbols,sdtw,0.9467336683417086,32.028085231781006,25,995,6
Symbols,sdtw_div,0.9537688442211056,97.39524912834167,25,995,6
Symbols,sharp_sdtw,0.9597989949748744,38.53239703178406,25,995,6
Symbols,sharp_sdtw_div,0.9618090452261306,142.3060507774353,25,995,6
Symbols,mean_cost,0.8874371859296483,10.773946285247805,25,995,6
Symbols,mean_cost_div,0.878391959798995,31.25702738761902,25,995,6
Symbols,dtw_approx,0.9597989949748744,30.60328960418701,25,995,6
TwoLeadECG,euclidean,0.5548726953467954,0.0123219490051269,23,1139,2
TwoLeadECG,sdtw,0.7418788410886743,0.5903544425964355,23,1139,2
TwoLeadECG,sdtw_div,0.7682177348551361,1.7812700271606443,23,1139,2
TwoLeadECG,sharp_sdtw,0.7848990342405618,0.7037770748138428,23,1139,2
TwoLeadECG,sharp_sdtw_div,0.8182616330114135,2.373579263687134,23,1139,2
TwoLeadECG,mean_cost,0.5733099209833187,0.229548692703247,23,1139,2
TwoLeadECG,mean_cost_div,0.5715539947322212,0.5896048545837402,23,1139,2
TwoLeadECG,dtw_approx,0.8182616330114135,0.6362733840942383,23,1139,2
TwoPatterns,euclidean,0.46475,0.0862786769866943,1000,4000,4
TwoPatterns,sdtw,0.9405,18.91638875007629,1000,4000,4
TwoPatterns,sdtw_div,0.92975,86.84502053260803,1000,4000,4
TwoPatterns,sharp_sdtw,0.95825,29.75376391410828,1000,4000,4
TwoPatterns,sharp_sdtw_div,0.96125,167.905091047287,1000,4000,4
TwoPatterns,mean_cost,0.563,4.043967723846436,1000,4000,4
TwoPatterns,mean_cost_div,0.5075,9.899972438812256,1000,4000,4
TwoPatterns,dtw_approx,0.9805,18.90770387649536,1000,4000,4
UWaveGestureLibraryAll,euclidean,0.8495254048017867,0.2019233703613281,896,3582,8
UWaveGestureLibraryAll,sdtw,0.8771635957565606,1348.3206024169922,896,3582,8
UWaveGestureLibraryX,euclidean,0.631211613623674,0.1680338382720947,896,3582,8
UWaveGestureLibraryX,sdtw,0.679787828029034,116.01302671432497,896,3582,8
UWaveGestureLibraryY,euclidean,0.5482970407593524,0.1596360206604004,896,3582,8
UWaveGestureLibraryY,sdtw,0.6125069793411502,115.95336055755617,896,3582,8
UWaveGestureLibraryZ,euclidean,0.5374092685650474,0.1646592617034912,896,3582,8
UWaveGestureLibraryZ,sdtw,0.6270240089335567,120.93476128578186,896,3582,8
Wafer,euclidean,0.654445165476963,0.0720736980438232,1000,6164,2
Wafer,sdtw,0.6881894873458793,20.15694117546081,1000,6164,2
Wafer,sdtw_div,0.6838092147955873,116.63843989372252,1000,6164,2
Wafer,sharp_sdtw,0.7110642439974043,50.66032314300537,1000,6164,2
Wafer,sharp_sdtw_div,0.8541531473069436,260.70708084106445,1000,6164,2
Wafer,mean_cost,0.6492537313432836,4.589279890060425,1000,6164,2
Wafer,mean_cost_div,0.6507138221933809,10.872267246246338,1000,6164,2
Wafer,dtw_approx,0.5343932511356262,29.10763263702393,1000,6164,2
Wine,euclidean,0.5555555555555556,0.0008468627929687,57,54,2
Wine,sdtw,0.5740740740740741,0.5768477916717529,57,54,2
Wine,sdtw_div,0.5555555555555556,1.882778882980347,57,54,2
Wine,sharp_sdtw,0.5740740740740741,1.0302178859710691,57,54,2
Wine,sharp_sdtw_div,0.5555555555555556,3.6205146312713614,57,54,2
Wine,mean_cost,0.5555555555555556,0.2274417877197265,57,54,2
Wine,mean_cost_div,0.5555555555555556,0.3490476608276367,57,54,2
Wine,dtw_approx,0.5740740740740741,0.680180549621582,57,54,2
WordSynonyms,euclidean,0.2711598746081505,0.0907683372497558,267,638,25
WordSynonyms,sdtw,0.5219435736677116,45.08559989929199,267,638,25
WordSynonyms,sdtw_div,0.5219435736677116,178.15137887001038,267,638,25
WordSynonyms,sharp_sdtw,0.5219435736677116,69.11883187294006,267,638,25
WordSynonyms,sharp_sdtw_div,0.5219435736677116,268.35760593414307,267,638,25
WordSynonyms,mean_cost,0.2633228840125391,14.052205562591553,267,638,25
WordSynonyms,mean_cost_div,0.2648902821316614,38.86140394210816,267,638,25
WordSynonyms,dtw_approx,0.5015673981191222,53.5330810546875,267,638,25
Worms,euclidean,0.2077922077922078,0.0032432079315185,181,77,5
Worms,sdtw,0.4545454545454545,157.74382638931274,181,77,5
WormsTwoClass,euclidean,0.5324675324675324,0.0023636817932128,181,77,2
WormsTwoClass,sdtw,0.5064935064935064,238.74189734458923,181,77,2
Yoga,euclidean,0.497,0.0393612384796142,300,3000,2
Yoga,sdtw,0.571,59.16819596290589,300,3000,2
ACSF1,euclidean,0.49,0.0113325119018554,100,100,10
ACSF1,sdtw,0.34,242.005056142807,100,100,10
AllGestureWiimoteX,euclidean,0.2385714285714285,0.0589113235473632,300,700,10
AllGestureWiimoteX,sdtw,0.3942857142857143,84.61467480659485,300,700,10
AllGestureWiimoteY,euclidean,0.2542857142857143,0.0418479442596435,300,700,10
AllGestureWiimoteY,sdtw,0.3485714285714286,73.62582612037659,300,700,10
AllGestureWiimoteZ,euclidean,0.2771428571428571,0.0415337085723876,300,700,10
AllGestureWiimoteZ,sdtw,0.3285714285714285,72.97282719612122,300,700,10
BME,euclidean,0.64,0.0025923252105712,30,150,3
BME,sdtw,0.6333333333333333,0.3609607219696045,30,150,3
BME,sdtw_div,0.64,2.2692227363586426,30,150,3
BME,sharp_sdtw,0.64,0.7486107349395752,30,150,3
BME,sharp_sdtw_div,0.64,4.478507041931152,30,150,3
BME,mean_cost,0.64,0.115671157836914,30,150,3
BME,mean_cost_div,0.64,0.2765038013458252,30,150,3
BME,dtw_approx,0.64,0.6216998100280762,30,150,3
EthanolLevel,euclidean,0.288,0.0176522731781005,504,500,4
EthanolLevel,sdtw,0.286,462.45144724845886,504,500,4
FreezerRegularTrain,euclidean,0.7687719298245614,0.0368323326110839,150,2850,2
FreezerRegularTrain,sdtw,0.7659649122807017,21.262759923934937,150,2850,2
FreezerRegularTrain,sdtw_div,0.7656140350877193,82.65003490447998,150,2850,2
FreezerRegularTrain,sharp_sdtw,0.7687719298245614,33.36417818069458,150,2850,2
FreezerRegularTrain,sharp_sdtw_div,0.7684210526315789,297.7662515640259,150,2850,2
FreezerRegularTrain,mean_cost,0.7694736842105263,6.6064324378967285,150,2850,2
FreezerRegularTrain,mean_cost_div,0.7684210526315789,18.02974247932434,150,2850,2
FreezerRegularTrain,dtw_approx,0.7649122807017544,29.89548921585083,150,2850,2
FreezerSmallTrain,euclidean,0.7628070175438596,0.0346584320068359,28,2850,2
FreezerSmallTrain,sdtw,0.755438596491228,18.052335739135746,28,2850,2
ToeSegmentation1,euclidean,0.5745614035087719,0.0027456283569335,40,228,2
ToeSegmentation1,sdtw,0.706140350877193,2.391343116760254,40,228,2
ToeSegmentation1,sdtw_div,0.7807017543859649,17.358131885528564,40,228,2
ToeSegmentation1,sharp_sdtw,0.6973684210526315,5.586746692657471,40,228,2
ToeSegmentation1,sharp_sdtw_div,0.75,33.336684703826904,40,228,2
ToeSegmentation1,mean_cost,0.5263157894736842,0.6963629722595215,40,228,2
ToeSegmentation1,mean_cost_div,0.543859649122807,1.331855297088623,40,228,2
ToeSegmentation1,dtw_approx,0.7236842105263158,5.532433748245239,40,228,2
ToeSegmentation2,euclidean,0.5461538461538461,0.0016579627990722,36,130,2
ToeSegmentation2,sdtw,0.8,4.487449645996094,36,130,2
ToeSegmentation2,sdtw_div,0.8461538461538461,29.374330759048465,36,130,2
ToeSegmentation2,sharp_sdtw,0.7538461538461538,15.17787218093872,36,130,2
ToeSegmentation2,sharp_sdtw_div,0.7692307692307693,52.76299858093262,36,130,2
ToeSegmentation2,mean_cost,0.5538461538461539,0.5945158004760742,36,130,2
ToeSegmentation2,mean_cost_div,0.5461538461538461,1.3860039710998535,36,130,2
ToeSegmentation2,dtw_approx,0.8692307692307693,8.5041024684906,36,130,2
Trace,euclidean,0.58,0.0024220943450927,100,100,4
Trace,sdtw,0.73,2.91453504562378,100,100,4
Trace,sdtw_div,0.78,12.649879932403564,100,100,4
Trace,sharp_sdtw,0.75,10.139323711395264,100,100,4
Trace,sharp_sdtw_div,0.87,76.81457662582397,100,100,4
Trace,mean_cost,0.56,0.7350368499755859,100,100,4
Trace,mean_cost_div,0.57,1.404550075531006,100,100,4
Trace,dtw_approx,0.79,4.852536916732788,100,100,4
FreezerSmallTrain,sdtw_div,0.7526315789473684,59.57976651191712,28,2850,2
FreezerSmallTrain,sharp_sdtw,0.7603508771929824,26.66675043106079,28,2850,2
FreezerSmallTrain,sharp_sdtw_div,0.7624561403508772,92.51339936256409,28,2850,2
FreezerSmallTrain,mean_cost,0.7614035087719299,7.399392127990723,28,2850,2
FreezerSmallTrain,mean_cost_div,0.7614035087719299,21.54622483253479,28,2850,2
FreezerSmallTrain,dtw_approx,0.7585964912280702,20.182393074035645,28,2850,2
GunPointAgeSpan,euclidean,0.6455696202531646,0.0036818981170654,135,316,2
GunPointAgeSpan,sdtw,0.6392405063291139,2.007596492767334,135,316,2
GunPointAgeSpan,sdtw_div,0.6392405063291139,6.13379693031311,135,316,2
GunPointAgeSpan,sharp_sdtw,0.6360759493670886,3.1561875343322754,135,316,2
GunPointAgeSpan,sharp_sdtw_div,0.6360759493670886,10.627379179000854,135,316,2
GunPointAgeSpan,mean_cost,0.6455696202531646,0.4497716426849365,135,316,2
GunPointAgeSpan,mean_cost_div,0.6455696202531646,0.754432201385498,135,316,2
GunPointAgeSpan,dtw_approx,0.6360759493670886,2.3418519496917725,135,316,2
GunPointMaleVersusFemale,euclidean,0.6139240506329114,0.0042939186096191,135,316,2
GunPointMaleVersusFemale,sdtw,0.7373417721518988,2.909176588058472,135,316,2
GunPointMaleVersusFemale,sdtw_div,0.7373417721518988,8.590080738067627,135,316,2
GunPointMaleVersusFemale,sharp_sdtw,0.7373417721518988,4.244308233261108,135,316,2
GunPointMaleVersusFemale,sharp_sdtw_div,0.7373417721518988,14.184133768081663,135,316,2
GunPointMaleVersusFemale,mean_cost,0.6139240506329114,0.460432767868042,135,316,2
GunPointMaleVersusFemale,mean_cost_div,0.6139240506329114,0.7800405025482178,135,316,2
GunPointMaleVersusFemale,dtw_approx,0.7373417721518988,3.109885931015014,135,316,2
GunPointOldVersusYoung,euclidean,0.8857142857142857,0.0044121742248535,136,315,2
GunPointOldVersusYoung,sdtw,1.0,3.433112621307373,136,315,2
GunPointOldVersusYoung,sdtw_div,1.0,9.32113552093506,136,315,2
GunPointOldVersusYoung,sharp_sdtw,1.0,5.399613380432129,136,315,2
GunPointOldVersusYoung,sharp_sdtw_div,1.0,16.915546655654907,136,315,2
GunPointOldVersusYoung,mean_cost,0.8857142857142857,0.4933657646179199,136,315,2
GunPointOldVersusYoung,mean_cost_div,0.8857142857142857,0.769580602645874,136,315,2
GunPointOldVersusYoung,dtw_approx,1.0,3.140350818634033,136,315,2
InsectEPGRegularTrain,euclidean,1.0,0.0062253475189208,62,249,3
InsectEPGRegularTrain,sdtw,1.0,15.739333391189575,62,249,3
InsectEPGRegularTrain,sdtw_div,1.0,43.17869210243225,62,249,3
InsectEPGRegularTrain,sharp_sdtw,1.0,20.629684925079346,62,249,3
InsectEPGRegularTrain,sharp_sdtw_div,1.0,59.838475465774536,62,249,3
InsectEPGRegularTrain,mean_cost,0.0,36.41126799583435,62,249,3
InsectEPGRegularTrain,mean_cost_div,0.0,105.59088516235352,62,249,3
InsectEPGRegularTrain,dtw_approx,1.0,18.21675729751587,62,249,3
InsectEPGSmallTrain,euclidean,1.0,0.0208597183227539,17,249,3
InsectEPGSmallTrain,sdtw,1.0,12.683929443359377,17,249,3
InsectEPGSmallTrain,sdtw_div,1.0,39.82035994529724,17,249,3
InsectEPGSmallTrain,sharp_sdtw,1.0,17.274547815322876,17,249,3
InsectEPGSmallTrain,sharp_sdtw_div,1.0,50.32390999794006,17,249,3
InsectEPGSmallTrain,mean_cost,0.0,11.556864023208618,17,249,3
InsectEPGSmallTrain,mean_cost_div,0.0,39.62380886077881,17,249,3
InsectEPGSmallTrain,dtw_approx,1.0,12.862119436264038,17,249,3
PickupGestureWiimoteZ,euclidean,0.54,0.0042634010314941,50,50,10
PickupGestureWiimoteZ,sdtw,0.7,4.405310392379761,50,50,10
PickupGestureWiimoteZ,sdtw_div,0.76,21.23162055015564,50,50,10
PickupGestureWiimoteZ,sharp_sdtw,0.78,9.179121732711792,50,50,10
PickupGestureWiimoteZ,sharp_sdtw_div,0.82,52.82128310203552,50,50,10
PickupGestureWiimoteZ,mean_cost,0.6,1.2989792823791504,50,50,10
PickupGestureWiimoteZ,mean_cost_div,0.6,2.9796085357666016,50,50,10
PickupGestureWiimoteZ,dtw_approx,0.8,4.470083236694336,50,50,10
PigAirwayPressure,euclidean,0.0576923076923076,0.1058828830718994,104,208,52
PigAirwayPressure,sdtw,0.1201923076923077,3767.488360404968,104,208,52
PigArtPressure,euclidean,0.2211538461538461,0.1650207042694091,104,208,52
PigCVP,euclidean,0.125,0.2685253620147705,104,208,52
PLAID,euclidean,0.1582867783985102,0.0490906238555908,537,537,11
PowerCons,euclidean,0.9722222222222222,0.0036523342132568,180,180,2
PowerCons,sdtw,0.9055555555555556,3.027468681335449,180,180,2
PowerCons,sdtw_div,0.8944444444444445,32.317405462265015,180,180,2
PowerCons,sharp_sdtw,0.8277777777777777,7.692826986312866,180,180,2
PowerCons,sharp_sdtw_div,0.8222222222222222,48.84355545043945,180,180,2
PowerCons,mean_cost,0.9555555555555556,1.2042114734649658,180,180,2
PowerCons,mean_cost_div,0.9611111111111112,1.0277259349822998,180,180,2
PowerCons,dtw_approx,0.8777777777777778,9.082298040390016,180,180,2
ShakeGestureWiimoteZ,euclidean,0.7,0.004960298538208,50,50,10
ShakeGestureWiimoteZ,sdtw,0.86,9.284792423248293,50,50,10
ShakeGestureWiimoteZ,sdtw_div,0.9,76.72180151939392,50,50,10
ShakeGestureWiimoteZ,sharp_sdtw,0.86,27.084782600402832,50,50,10
ShakeGestureWiimoteZ,sharp_sdtw_div,0.9,211.5444314479828,50,50,10
ShakeGestureWiimoteZ,mean_cost,0.72,3.090272665023804,50,50,10
ShakeGestureWiimoteZ,mean_cost_div,0.68,5.773692607879639,50,50,10
ShakeGestureWiimoteZ,dtw_approx,0.86,14.567772388458252,50,50,10
SmoothSubspace,euclidean,0.8266666666666667,0.0040373802185058,150,150,3
SmoothSubspace,sdtw,0.86,0.1881763935089111,150,150,3
SmoothSubspace,sdtw_div,0.8333333333333334,0.611168622970581,150,150,3
SmoothSubspace,sharp_sdtw,0.8733333333333333,0.0607030391693115,150,150,3
SmoothSubspace,sharp_sdtw_div,0.84,0.8691866397857666,150,150,3
SmoothSubspace,mean_cost,0.86,0.1408677101135254,150,150,3
SmoothSubspace,mean_cost_div,0.84,0.0327131748199462,150,150,3
SmoothSubspace,dtw_approx,0.8866666666666667,0.0988771915435791,150,150,3
UMD,euclidean,0.5486111111111112,0.003511905670166,36,144,3
UMD,sdtw,0.5208333333333334,1.261841058731079,36,144,3
UMD,sdtw_div,0.625,6.695546388626099,36,144,3
UMD,sharp_sdtw,0.6180555555555556,3.0090694427490234,36,144,3
UMD,sharp_sdtw_div,0.5763888888888888,12.365267515182495,36,144,3
UMD,mean_cost,0.5208333333333334,0.2679328918457031,36,144,3
UMD,mean_cost_div,0.5208333333333334,0.8379814624786377,36,144,3
UMD,dtw_approx,0.6111111111111112,1.973884105682373,36,144,3
Fungi,euclidean,0.8387096774193549,0.0843062400817871,18,186,18
Fungi,sdtw,0.8494623655913979,9.79582142829895,18,186,18
Fungi,sdtw_div,0.8494623655913979,29.888076066970825,18,186,18
Fungi,sharp_sdtw,0.8010752688172043,12.500011444091797,18,186,18
Fungi,sharp_sdtw_div,0.8064516129032258,33.2196478843689,18,186,18
Fungi,mean_cost,0.8172043010752689,3.4443812370300293,18,186,18
Fungi,mean_cost_div,0.8548387096774194,9.69113278388977,18,186,18
Fungi,dtw_approx,0.8118279569892473,10.992974519729614,18,186,18
GesturePebbleZ1,euclidean,0.5581395348837209,0.0107464790344238,132,172,6
GesturePebbleZ1,sdtw,0.6337209302325582,90.27298092842102,132,172,6
GesturePebbleZ2,euclidean,0.5316455696202531,0.0096597671508789,146,158,6
GesturePebbleZ2,sdtw,0.6708860759493671,107.24495553970335,146,158,6
HouseTwenty,euclidean,0.7647058823529411,0.016571044921875,40,119,2
HouseTwenty,sdtw,0.7647058823529411,1280.865830898285,40,119,2
DodgerLoopDay,euclidean,0.5194805194805194,0.0050258636474609,67,77,7
DodgerLoopDay,sdtw,0.4545454545454545,17.502455472946167,67,77,7
DodgerLoopDay,sdtw_div,0.4935064935064935,47.895792961120605,67,77,7
DodgerLoopDay,sharp_sdtw,0.4805194805194805,30.96763062477112,67,77,7
DodgerLoopDay,sharp_sdtw_div,0.4935064935064935,86.89412951469421,67,77,7
DodgerLoopDay,mean_cost,0.5064935064935064,3.130908727645874,67,77,7
DodgerLoopDay,mean_cost_div,0.5064935064935064,4.2319159507751465,67,77,7
DodgerLoopDay,dtw_approx,0.4675324675324675,19.45374703407288,67,77,7
DodgerLoopWeekend,euclidean,0.984126984126984,0.0023293495178222,18,126,2
DodgerLoopWeekend,sdtw,0.9603174603174603,5.255460739135742,18,126,2
DodgerLoopWeekend,sdtw_div,0.9682539682539684,16.337410926818848,18,126,2
DodgerLoopWeekend,sharp_sdtw,0.9682539682539684,9.970781087875366,18,126,2
DodgerLoopWeekend,sharp_sdtw_div,0.9682539682539684,26.445693731307983,18,126,2
DodgerLoopWeekend,mean_cost,0.9761904761904762,0.8369011878967285,18,126,2
DodgerLoopWeekend,mean_cost_div,0.984126984126984,2.3428823947906494,18,126,2
DodgerLoopWeekend,dtw_approx,0.9603174603174603,5.14285945892334,18,126,2
DodgerLoopGame,euclidean,0.8031496062992126,0.0023834705352783,17,127,2
DodgerLoopGame,sdtw,0.8188976377952756,7.00217342376709,17,127,2
DodgerLoopGame,sdtw_div,0.8110236220472441,17.690139055252075,17,127,2
DodgerLoopGame,sharp_sdtw,0.8346456692913385,8.760678052902222,17,127,2
DodgerLoopGame,sharp_sdtw_div,0.8346456692913385,28.0680034160614,17,127,2
DodgerLoopGame,mean_cost,0.7716535433070866,0.9115405082702636,17,127,2
DodgerLoopGame,mean_cost_div,0.7874015748031497,2.22912335395813,17,127,2
DodgerLoopGame,dtw_approx,0.84251968503937,7.331295728683472,17,127,2
SemgHandGenderCh2,euclidean,0.7116666666666667,0.0427613258361816,300,600,2
SemgHandSubjectCh2,euclidean,0.3466666666666667,0.0276274681091308,450,450,5
MixedShapesSmallTrain,euclidean,0.7282474226804124,0.2237732410430908,100,2425,5
MixedShapesSmallTrain,sdtw,0.7711340206185567,2970.054458856582,100,2425,5
EOGHorizontalSignal,euclidean,0.4088397790055249,0.0538704395294189,362,362,12
Chinatown,euclidean,0.7900874635568513,0.0058305263519287,20,343,2
Chinatown,sdtw,0.8862973760932945,0.1283411979675293,20,343,2
Chinatown,sdtw_div,0.8862973760932945,0.5237147808074951,20,343,2
Chinatown,sharp_sdtw,0.8833819241982507,0.1679413318634033,20,343,2
Chinatown,sharp_sdtw_div,0.8833819241982507,0.2822158336639404,20,343,2
Chinatown,mean_cost,0.7580174927113703,1.1175830364227295,20,343,2
Chinatown,mean_cost_div,0.7725947521865889,0.2730593681335449,20,343,2
Chinatown,dtw_approx,0.8862973760932945,0.1929969787597656,20,343,2
MelbournePedestrian,euclidean,0.7481673134971971,0.5660877227783203,1138,2319,10
MelbournePedestrian,sdtw,0.7063389391979301,9.727025985717772,1138,2319,10
MelbournePedestrian,sdtw_div,0.7041828374299267,20.452928066253666,1138,2319,10
MelbournePedestrian,sharp_sdtw,0.7063389391979301,11.339128494262695,1138,2319,10
MelbournePedestrian,sharp_sdtw_div,0.7041828374299267,29.821680545806885,1138,2319,10
MelbournePedestrian,mean_cost,0.6701164294954722,4.947277069091797,1138,2319,10
MelbournePedestrian,mean_cost_div,0.7145321259163433,7.106008768081665,1138,2319,10
MelbournePedestrian,dtw_approx,0.7102199223803364,8.905759572982788,1138,2319,10
AsphaltRegularity,euclidean,0.5898801597869507,0.0623660087585449,751,751,2
Colposcopy,euclidean,0.3168316831683168,0.0034756660461425,99,101,6
Colposcopy,sdtw,0.3762376237623762,4.761200189590454,99,101,6
Colposcopy,sdtw_div,0.3861386138613861,17.710184574127197,99,101,6
Colposcopy,sharp_sdtw,0.3267326732673267,7.269583940505981,99,101,6
Colposcopy,sharp_sdtw_div,0.3861386138613861,26.18355774879456,99,101,6
Colposcopy,mean_cost,0.3168316831683168,0.4810516834259033,99,101,6
Colposcopy,mean_cost_div,0.3168316831683168,0.8040521144866943,99,101,6
Colposcopy,dtw_approx,0.4059405940594059,5.230196475982666,99,101,6
RightWhaleCalls,euclidean,0.5545361875637105,0.0922300815582275,10934,1962,2
SharePriceIncrease,euclidean,0.5755693581780539,0.0120859146118164,965,966,2
SharePriceIncrease,sdtw,0.6262939958592133,3.9857568740844727,965,966,2
SharePriceIncrease,sdtw_div,0.6066252587991718,9.630601406097412,965,966,2
SharePriceIncrease,sharp_sdtw,0.6149068322981367,3.807437896728516,965,966,2
SharePriceIncrease,sharp_sdtw_div,0.5910973084886129,15.00799822807312,965,966,2
SharePriceIncrease,mean_cost,0.556935817805383,0.4301297664642334,965,966,2
SharePriceIncrease,mean_cost_div,0.5703933747412008,0.4963264465332031,965,966,2
SharePriceIncrease,dtw_approx,0.6273291925465838,2.530359029769897,965,966,2
CatsDogs,euclidean,0.524390243902439,0.0103371143341064,164,164,2
BinaryHeartbeat,euclidean,0.7170731707317073,0.0155904293060302,204,205,2
DucksAndGeese,euclidean,0.2,0.0763163566589355,50,50,5
InsectSound,euclidean,0.22476,1.4198896884918213,25000,25000,10
AbnormalHeartbeat,euclidean,0.7170731707317073,0.0151574611663818,204,205,2
ElectricDeviceDetection,euclidean,0.1918789808917197,0.0389645099639892,624,3768,2
ElectricDeviceDetection,sdtw,0.2553078556263269,33.58875513076782,624,3768,2
ElectricDeviceDetection,sdtw_div,0.2553078556263269,99.73659992218018,624,3768,2
ElectricDeviceDetection,sharp_sdtw,0.5076963906581741,93.81774401664734,624,3768,2
ElectricDeviceDetection,sharp_sdtw_div,0.542728237791932,256.3748996257782,624,3768,2
ElectricDeviceDetection,mean_cost,0.191348195329087,11.517513990402222,624,3768,2
ElectricDeviceDetection,mean_cost_div,0.1942675159235669,17.828193187713623,624,3768,2
ElectricDeviceDetection,dtw_approx,0.868895966029724,54.31700301170349,624,3768,2
KeplerLightCurves,euclidean,0.2205513784461152,0.0336964130401611,920,399,7
Sleep,euclidean,0.1119858273819409,2.9499499797821045,478785,90315,5
FaultDetectionA,euclidean,0.5476539589442815,0.1524178981781005,10912,2728,3
NerveDamage,euclidean,0.3170731707317073,0.0014140605926513672,163,41,3
NerveDamage,sdtw,0.4146341463414634,82.06473684310913,163,41,3
Epilepsy2,euclidean,0.8232924693520141,0.11732912063598633,80,11420,2
Epilepsy2,sdtw,0.7364273204903677,24.60863709449768,80,11420,2
Epilepsy2,sdtw_div,0.8225919439579685,73.11427640914917,80,11420,2
Epilepsy2,sharp_sdtw,0.746584938704028,28.774658918380737,80,11420,2
Epilepsy2,sharp_sdtw_div,0.8656742556917688,85.4178786277771,80,11420,2
Epilepsy2,mean_cost,0.708231173380035,8.497065305709839,80,11420,2
Epilepsy2,mean_cost_div,0.748861646234676,23.905942916870117,80,11420,2
Epilepsy2,dtw_approx,0.8865148861646235,25.09912633895874,80,11420,2
